,PtxID,Group,Trial,Slope,Intercept,MeanSqErr,MeanAbsErr,Phase,PhaseN,Chunk,GroupN
0,vn265606624Yv403,NoReward,0,0.7517113934547909,3.918706354032514,1634.1971996615218,22.43436493936053,Baseline,0,28.0,0.0
1,vn265606624Yv403,NoReward,1,0.9727846966848829,0.5418984052040696,206.84153192375692,11.36796574585635,Baseline,0,26.0,0.0
2,vn265606624Yv403,NoReward,2,0.9297036170663742,-3.57138093527818,1229.409523045254,22.40030353200883,Baseline,0,28.0,0.0
3,vn265606624Yv403,NoReward,3,1.0742660052653634,0.9885930077017664,238.606633209713,11.604896247240617,Baseline,0,28.0,0.0
4,vn265606624Yv403,NoReward,4,0.9672662584921008,3.480575866401576,271.97189787858713,13.132121412803532,Baseline,0,27.0,0.0
5,vn265606624Yv403,NoReward,5,0.9387759760202019,-1.177350387194024,206.24093172295807,10.43637417218543,Baseline,0,26.0,0.0
6,vn265606624Yv403,NoReward,6,0.9755871755140627,-3.94154877214052,481.45130103535905,13.870432044198893,Baseline,0,26.0,0.0
54,kL32782760pb805,Reward,0,0.9711521589054657,-4.607118745964068,495.3889602980133,15.354048565121413,Baseline,0,,1.0
55,kL32782760pb805,Reward,1,0.9574318875627218,-0.02287044033225305,243.8810294977117,11.626140732265446,Baseline,0,,1.0
56,kL32782760pb805,Reward,2,0.9557143841768306,3.7450154828489937,278.7866939160221,12.093222099447514,Baseline,0,,1.0
57,kL32782760pb805,Reward,3,0.9752624155404311,-1.0617735416283258,93.77619001657457,8.09021767955801,Baseline,0,,1.0
58,kL32782760pb805,Reward,4,0.969766122083919,-0.8824592724268334,100.07132260000002,7.715386740331491,Baseline,0,,1.0
59,kL32782760pb805,Reward,5,0.9922445231423679,1.2236919212495576,179.21158077016574,10.592584530386741,Baseline,0,,1.0
60,kL32782760pb805,Reward,6,0.9986643187199633,0.3915509664822685,156.9044523366446,10.166504415011039,Baseline,0,,1.0
61,kL32782760pb805,Reward,7,0.9970310365996635,0.43627092585279054,101.37586906961324,8.055337016574585,Baseline,0,,1.0
62,kL32782760pb805,Reward,8,0.9832859062610949,0.5888243069376922,112.1119592154696,8.162643093922652,Baseline,0,,1.0
63,kL32782760pb805,Reward,9,1.0197308088836052,-2.9621376844790426,91.50612932379516,7.8808207831325285,Baseline,0,,1.0
64,kL32782760pb805,Reward,10,1.0089036503442659,2.628914824413851,125.7847449237569,9.399020994475139,Baseline,0,,1.0
65,kL32782760pb805,Reward,11,0.9606984428540071,1.900000195009675,94.11878347071824,7.868845303867403,Baseline,0,,1.0
66,kL32782760pb805,Reward,12,0.843630383135308,3.7408343901937084,645.2144916883979,18.163208839779003,Adaptation,1,,1.0
67,kL32782760pb805,Reward,13,0.8636174393315761,3.3204480344664398,200.1589286563536,10.920693922651934,Adaptation,1,,1.0
68,kL32782760pb805,Reward,14,0.8892171455839057,2.3849459060425326,187.36125089072848,11.488524282560707,Adaptation,1,,1.0
69,kL32782760pb805,Reward,15,0.8405300402196797,2.4752235638420235,432.50476297348064,16.214657458563536,Adaptation,1,,1.0
70,kL32782760pb805,Reward,16,0.9486430513894075,0.386285188821368,245.6649585458563,12.286276243093921,Adaptation,1,,1.0
71,kL32782760pb805,Reward,17,0.8904668454363489,0.09809617827025607,149.27445529834256,9.147554696132596,Adaptation,1,,1.0
72,kL32782760pb805,Reward,18,0.9166181138994408,-0.7176621910912055,252.54374981325967,12.958865193370167,Adaptation,1,,1.0
73,kL32782760pb805,Reward,19,0.9350934512071624,1.8235300496676643,391.6905049513812,15.1891591160221,Adaptation,1,,1.0
74,kL32782760pb805,Reward,20,0.9739358530414768,1.5027197916553396,236.53131840441992,11.543476243093922,Adaptation,1,,1.0
75,kL32782760pb805,Reward,21,0.9343566887783089,0.47402156168842924,336.09103883535914,14.796921546961325,Adaptation,1,,1.0
76,kL32782760pb805,Reward,22,0.983859709964138,0.84453557897071,470.8224375823204,16.560729281767955,Adaptation,1,,1.0
77,kL32782760pb805,Reward,23,0.9525297526282633,2.2867394348437333,259.75306835911607,12.222670718232044,Adaptation,1,,1.0
78,kL32782760pb805,Reward,24,0.9213359370649318,1.4805816263726115,325.963503192053,14.30188962472406,Adaptation,1,,1.0
79,kL32782760pb805,Reward,25,0.8813010494925501,0.9337864611285364,543.0022267325967,16.475581215469614,Adaptation,1,,1.0
80,kL32782760pb805,Reward,26,0.9436474870433585,-0.6311862965356296,323.46907878563536,13.933112707182321,Adaptation,1,,1.0
81,kL32782760pb805,Reward,27,0.92778496372166,3.27281943471793,364.3720331458564,14.040449723756906,Adaptation,1,,1.0
82,kL32782760pb805,Reward,28,0.9943836248024197,2.0616941283638663,303.4306731812154,13.48642762430939,Adaptation,1,,1.0
83,kL32782760pb805,Reward,29,0.9598113675448541,0.41479968545752477,309.06107695138115,14.215419889502762,Adaptation,1,,1.0
84,kL32782760pb805,Reward,30,0.948109508934542,-1.8499200323580842,650.4366851690608,19.017297237569064,Adaptation,1,,1.0
85,kL32782760pb805,Reward,31,1.0400619726386073,-1.596412254266117,371.3853894287293,14.900465193370165,Adaptation,1,,1.0
86,kL32782760pb805,Reward,32,1.0184215082911967,2.006035982704306,397.72642241767954,12.88502320441989,Adaptation,1,,1.0
87,kL32782760pb805,Reward,33,1.000213543207828,-0.26634198467454384,280.33794173370165,13.256330386740332,Adaptation,1,,1.0
88,kL32782760pb805,Reward,34,1.0351592488540093,2.437225228304991,281.9405851469613,11.413286187845305,Adaptation,1,,1.0
89,kL32782760pb805,Reward,35,0.9992347531692355,0.013819463689324962,218.1537850033149,11.454137016574588,Adaptation,1,,1.0
90,kL32782760pb805,Reward,36,0.9933641184739918,0.9092610649218938,445.9397400055249,13.660036464088398,Adaptation,1,,1.0
91,kL32782760pb805,Reward,37,0.9860090811439906,-1.6027193877905561,216.96485791712706,11.73942872928177,Adaptation,1,,1.0
92,kL32782760pb805,Reward,38,0.9242039339339303,-0.05647938712708833,242.70409445745858,12.250822099447513,Adaptation,1,,1.0
93,kL32782760pb805,Reward,39,1.0118040443582255,-4.333466026501039,217.99869073370166,11.58654364640884,Adaptation,1,,1.0
94,kL32782760pb805,Reward,40,1.059240774923546,3.6881531387308253,332.1835355381216,12.033562430939226,Adaptation,1,,1.0
95,kL32782760pb805,Reward,41,0.950638355397631,2.0832459213786363,214.52633074613686,11.27032229580574,Adaptation,1,,1.0
96,kL32782760pb805,Reward,42,1.0106419114475473,-6.769360461735735,259.3195928852097,10.394397350993378,Adaptation,1,,1.0
97,kL32782760pb805,Reward,43,0.9945345256326202,-3.34823440476701,105.06937650275634,8.449497243660419,Washout,2,,1.0
98,kL32782760pb805,Reward,44,0.979614772655931,-2.5248850229962096,128.67275671270718,8.842860773480663,Washout,2,,1.0
99,kL32782760pb805,Reward,45,1.005152879893302,-3.5024234456387786,114.41235872516559,8.516045253863135,Washout,2,,1.0
100,kL32782760pb805,Reward,46,1.033457388229483,-0.40629944197448253,127.95617999889501,8.76183093922652,Washout,2,,1.0
101,kL32782760pb805,Reward,47,0.9524177283870277,1.6892830849407519,141.99412564972377,9.372803314917126,Washout,2,,1.0
102,kL32782760pb805,Reward,48,0.9156747968667233,-2.0848868678936334,156.64201646187846,9.928170165745856,Washout,2,,1.0
103,kL32782760pb805,Reward,49,1.0103299846538476,1.4372146800300614,123.86147609713028,8.110898454746138,Washout,2,,1.0
104,kL32782760pb805,Reward,50,1.0540257193565346,-0.572606080775043,76.43428646961328,6.579455248618785,Washout,2,,1.0
105,kL32782760pb805,Reward,51,1.0071709003103015,1.3952340796858713,108.42719195584989,8.456761589403973,Washout,2,,1.0
106,kL32782760pb805,Reward,52,0.9037619364046697,-2.1545968392666563,120.51642642651935,9.018828729281768,Washout,2,,1.0
108,Ai275415234NZ493,Reward,0,0.20988232011320848,-8.171383724153927,4191.380837295805,49.76390949227373,Baseline,0,,1.0
109,Ai275415234NZ493,Reward,1,0.8500035788822888,-1.8061393696778114,645.3188102024624,20.770454172366623,Baseline,0,,1.0
110,Ai275415234NZ493,Reward,2,0.8880834854483652,-3.9072279010466646,656.6827467906684,20.347960907944515,Baseline,0,,1.0
111,Ai275415234NZ493,Reward,3,1.0121527307115743,-6.11518332567472,603.0004588908406,18.008717691342536,Baseline,0,,1.0
112,Ai275415234NZ493,Reward,4,0.9249499926794902,2.5228264279598953,636.8482615191192,20.362858632676705,Baseline,0,,1.0
113,Ai275415234NZ493,Reward,5,0.9764981389050595,-6.429901620692088,504.5322187449749,17.722443467336685,Baseline,0,,1.0
114,Ai275415234NZ493,Reward,6,0.9110995228473718,-4.1374322945170805,660.6303830875635,18.30146573604061,Baseline,0,,1.0
115,Ai275415234NZ493,Reward,7,0.9809806508573629,-5.762036581165001,416.5843343257143,15.414158857142857,Baseline,0,,1.0
116,Ai275415234NZ493,Reward,8,0.9738956108508185,-5.402685448001728,476.55417324283934,18.202366127023662,Baseline,0,,1.0
117,Ai275415234NZ493,Reward,9,1.0593899098777304,-7.254665941435153,538.1672388851613,17.86161806451613,Baseline,0,,1.0
118,Ai275415234NZ493,Reward,10,0.9153826441513766,-3.88465105844276,504.4990361854461,16.85025117370892,Baseline,0,,1.0
119,Ai275415234NZ493,Reward,11,0.908957304294504,-5.2166127631733135,479.5596756703431,17.49754289215686,Baseline,0,,1.0
120,Ai275415234NZ493,Reward,12,0.7224230358538595,17.762085500306597,3402.2666235141846,41.330247044917265,Adaptation,1,,1.0
121,Ai275415234NZ493,Reward,13,0.6672264831144978,13.290313673189589,3675.5400879334816,46.550988913525494,Adaptation,1,,1.0
122,Ai275415234NZ493,Reward,14,0.8713149625126668,-10.16117577256295,2974.2325981659633,41.632244725738396,Adaptation,1,,1.0
127,Ai275415234NZ493,Reward,19,1.0625140221138472,20.577545206980144,1602.6694830158733,32.79714285714286,Adaptation,1,,1.0
128,Ai275415234NZ493,Reward,20,0.8897160941719278,7.443547035668446,2233.1643562909967,37.26846463022508,Adaptation,1,,1.0
129,Ai275415234NZ493,Reward,21,0.974848340136067,5.971708039039575,2045.11809015103,35.61888329519451,Adaptation,1,,1.0
130,Ai275415234NZ493,Reward,22,0.9113573962910864,10.832801012779745,1939.4690029679562,34.58794254143647,Adaptation,1,,1.0
131,Ai275415234NZ493,Reward,23,0.9051765890860385,23.93723074916017,2557.019830300553,38.16391160220994,Adaptation,1,,1.0
132,Ai275415234NZ493,Reward,24,0.9549867055832992,22.254570631449447,1486.8498700243094,30.84245082872928,Adaptation,1,,1.0
133,Ai275415234NZ493,Reward,25,0.9168120629884312,7.647652305532037,1932.6094219933775,33.373225165562914,Adaptation,1,,1.0
139,Ai275415234NZ493,Reward,31,1.0171021624726493,1.1940641156312035,1317.247939161326,27.852818784530385,Adaptation,1,,1.0
140,Ai275415234NZ493,Reward,32,0.9587157401091463,9.18103718083382,589.2727154754098,18.092672131147545,Adaptation,1,,1.0
141,Ai275415234NZ493,Reward,33,0.9365032121341801,0.7311614849796912,1995.319512222222,35.67313333333334,Adaptation,1,,1.0
142,Ai275415234NZ493,Reward,34,0.8347183950193868,1.7783733300584899,2255.4459973470152,39.51363308457711,Adaptation,1,,1.0
143,Ai275415234NZ493,Reward,35,0.3115151571151852,8.843405262235507,4174.256209839623,53.630433962264156,Adaptation,1,,1.0
144,Ai275415234NZ493,Reward,36,0.9462007845343461,2.770537420615533,1816.5470894423077,32.543660256410256,Adaptation,1,,1.0
145,Ai275415234NZ493,Reward,37,1.1801763794809297,-3.790924619446475,1189.1120326292835,28.794118380062304,Adaptation,1,,1.0
146,Ai275415234NZ493,Reward,38,0.8657150277067024,-0.1536646397886665,1770.5579952044202,32.83833149171271,Adaptation,1,,1.0
147,Ai275415234NZ493,Reward,39,1.098891347639577,2.9995506142337067,1230.2077774890777,28.20797936893204,Adaptation,1,,1.0
148,Ai275415234NZ493,Reward,40,0.9431434694196797,5.464024308233824,1846.7935907554042,33.53436405005689,Adaptation,1,,1.0
149,Ai275415234NZ493,Reward,41,1.0389847845271951,3.3905362073290033,594.1159467636364,19.912327272727275,Adaptation,1,,1.0
150,Ai275415234NZ493,Reward,42,0.7996422815863203,-10.329014302365149,973.3403765151513,23.655516469038204,Adaptation,1,,1.0
151,Ai275415234NZ493,Reward,43,1.0554404808912312,-7.368994884087955,619.6498445298014,18.59191611479029,Washout,2,,1.0
152,Ai275415234NZ493,Reward,44,1.1162148656433062,13.100432166462031,416.5332959166666,17.897516666666665,Washout,2,,1.0
153,Ai275415234NZ493,Reward,45,0.8694426650113549,-7.666878782093978,716.363804401105,19.354140331491717,Washout,2,,1.0
154,Ai275415234NZ493,Reward,46,1.0011699692622378,-8.479172981927263,870.6247239856355,20.73160552486188,Washout,2,,1.0
155,Ai275415234NZ493,Reward,47,1.0463186676188703,4.676146977426681,194.94579868235292,11.76045882352941,Washout,2,,1.0
156,Ai275415234NZ493,Reward,48,0.9652766577305466,-5.682314256336774,289.25486335268505,13.385283018867923,Washout,2,,1.0
157,Ai275415234NZ493,Reward,49,0.8933527151790506,-4.972738276795579,507.8500839767956,17.179519337016576,Washout,2,,1.0
158,Ai275415234NZ493,Reward,50,0.8795873439410968,-0.42911650553844205,534.7414399934853,18.793739413680782,Washout,2,,1.0
159,Ai275415234NZ493,Reward,51,0.81892237277551,-2.3502319950857236,480.24434329281775,17.209560220994476,Washout,2,,1.0
160,Ai275415234NZ493,Reward,52,0.9593800972669472,-2.918555542858728,397.6628567543103,16.830125,Washout,2,,1.0
162,CL78462911bI451,NoReward,0,0.16114404542982574,-12.280897992530734,3941.9330066026487,49.66186092715232,Baseline,0,,0.0
163,CL78462911bI451,NoReward,1,0.7848801740170039,-0.023944354819784186,2199.8735477834252,33.89550718232044,Baseline,0,,0.0
164,CL78462911bI451,NoReward,2,0.9450293283062627,-7.821552930170549,1686.3886278729283,29.455839779005522,Baseline,0,,0.0
165,CL78462911bI451,NoReward,3,1.1319456085756519,-21.29279844670175,1152.7987486850827,27.251012154696134,Baseline,0,,0.0
166,CL78462911bI451,NoReward,4,0.9898739724915884,-6.798613497571494,954.5956211480664,22.3673226519337,Baseline,0,,0.0
167,CL78462911bI451,NoReward,5,0.7634497848514638,-5.06149433049532,1521.7309077359118,29.911382320441987,Baseline,0,,0.0
168,CL78462911bI451,NoReward,6,0.8867913159198936,6.884238588354506,728.492403041989,21.268796685082872,Baseline,0,,0.0
169,CL78462911bI451,NoReward,7,0.8653484996958862,5.804815153798163,1066.0527899104973,24.34335359116022,Baseline,0,,0.0
170,CL78462911bI451,NoReward,8,0.9306665808946014,-0.20830339748905158,1156.6460550287293,26.643616574585632,Baseline,0,,0.0
171,CL78462911bI451,NoReward,9,0.979629150428269,-6.950411300144988,735.59611980221,18.91254475138122,Baseline,0,,0.0
172,CL78462911bI451,NoReward,10,1.0667231303743212,-4.830063476271971,434.61698181325966,16.291746961325966,Baseline,0,,0.0
173,CL78462911bI451,NoReward,11,0.9548914166822534,-5.272208401158626,317.17001205849886,13.680131346578367,Baseline,0,,0.0
174,CL78462911bI451,NoReward,12,0.8858810094821533,29.464831464356934,2430.130587851934,38.281334806629836,Adaptation,1,,0.0
175,CL78462911bI451,NoReward,13,0.782709416177393,27.37485040641787,3610.7900046254144,46.89797127071824,Adaptation,1,,0.0
176,CL78462911bI451,NoReward,14,0.988926104867498,21.614146546441635,2219.5796526545255,34.09362582781457,Adaptation,1,,0.0
177,CL78462911bI451,NoReward,15,1.0576497533586255,29.7599158949665,2761.287235322652,40.21704198895028,Adaptation,1,,0.0
178,CL78462911bI451,NoReward,16,1.0993203529681292,16.94817879111615,2432.843248282873,39.57251491712707,Adaptation,1,,0.0
179,CL78462911bI451,NoReward,17,1.0557583230771552,22.27856286806143,2050.7051876754967,38.122969094922745,Adaptation,1,,0.0
180,CL78462911bI451,NoReward,18,1.0971807491524208,17.478244625621002,2038.2766828718236,35.12422651933702,Adaptation,1,,0.0
181,CL78462911bI451,NoReward,19,0.5615158415268802,18.4990845285158,5200.532973465194,54.87979889502763,Adaptation,1,,0.0
182,CL78462911bI451,NoReward,20,0.9688453227903729,8.642582303628066,2125.506094907285,33.30447902869757,Adaptation,1,,0.0
183,CL78462911bI451,NoReward,21,0.9474096675924666,11.693491084994042,1541.6089297392266,28.330830939226523,Adaptation,1,,0.0
184,CL78462911bI451,NoReward,22,1.0225402342375076,-7.2780884408655915,1314.3788371005526,27.16690607734807,Adaptation,1,,0.0
185,CL78462911bI451,NoReward,23,0.8197561694293343,-6.242955284165983,1477.7734857723758,28.487332596685082,Adaptation,1,,0.0
186,CL78462911bI451,NoReward,24,0.8927774151169205,7.0085057516222395,1461.4549955812154,26.52192817679558,Adaptation,1,,0.0
187,CL78462911bI451,NoReward,25,0.8764138102844469,-2.849594269298666,920.8469176872928,25.60697790055249,Adaptation,1,,0.0
188,CL78462911bI451,NoReward,26,0.9228130497693432,19.251142321128413,1969.9006710132744,30.888152654867255,Adaptation,1,,0.0
189,CL78462911bI451,NoReward,27,0.8736915016393122,4.850096509764358,1058.0749096000002,21.830123756906076,Adaptation,1,,0.0
190,CL78462911bI451,NoReward,28,0.8771533639810362,-0.1505754703629334,1166.830419724862,23.74879226519337,Adaptation,1,,0.0
191,CL78462911bI451,NoReward,29,0.8185256533653744,2.1477956155334947,1759.577712038674,28.75225524861879,Adaptation,1,,0.0
192,CL78462911bI451,NoReward,30,0.9226116290511088,4.456142918512006,1245.957000478453,24.415019889502762,Adaptation,1,,0.0
193,CL78462911bI451,NoReward,31,0.7521812459355333,-5.8890502979956425,1509.5283764679914,29.576766004415013,Adaptation,1,,0.0
194,CL78462911bI451,NoReward,32,0.8763739678749358,-1.66164419400469,1183.5896403896247,21.45846688741722,Adaptation,1,,0.0
195,CL78462911bI451,NoReward,33,0.8112616243325566,-7.669256971510889,767.2447977370166,21.66681767955801,Adaptation,1,,0.0
196,CL78462911bI451,NoReward,34,0.8016417080403493,-2.8368978643403273,1846.528396966851,31.78250497237569,Adaptation,1,,0.0
197,CL78462911bI451,NoReward,35,0.8675198142358287,-0.699569612443468,1190.8133618519337,25.09441104972376,Adaptation,1,,0.0
198,CL78462911bI451,NoReward,36,0.669688461117543,6.0717890499885465,2522.85273299337,36.51967403314917,Adaptation,1,,0.0
199,CL78462911bI451,NoReward,37,0.9104610011019818,6.143107887289821,1376.358674477348,25.76849281767956,Adaptation,1,,0.0
200,CL78462911bI451,NoReward,38,0.9894638690820857,-3.9881434392777795,766.6891813790056,21.414903867403318,Adaptation,1,,0.0
201,CL78462911bI451,NoReward,39,0.8304172380100219,23.05443042064339,2903.9010024176796,37.27512265193371,Adaptation,1,,0.0
202,CL78462911bI451,NoReward,40,0.7661986748835478,-0.19340405856680398,1986.9026167966852,32.74856022099448,Adaptation,1,,0.0
203,CL78462911bI451,NoReward,41,0.8826616962706908,1.3808142776180288,1210.6909056048564,24.871028697571745,Adaptation,1,,0.0
204,CL78462911bI451,NoReward,42,0.8685970739390305,-5.732073956724895,1267.9745658928175,23.256743646408843,Adaptation,1,,0.0
205,CL78462911bI451,NoReward,43,0.917307057269418,-1.7814572229754075,549.3429571026489,17.671612582781457,Washout,2,,0.0
206,CL78462911bI451,NoReward,44,0.8997863584051942,-4.797531305764044,344.55559836795584,14.092814364640883,Washout,2,,0.0
207,CL78462911bI451,NoReward,45,0.9195049982563153,1.164182735208779,554.5373857060773,18.676198895027625,Washout,2,,0.0
208,CL78462911bI451,NoReward,46,1.031995098901455,-5.80364137153974,403.70977500662985,15.940451933701656,Washout,2,,0.0
209,CL78462911bI451,NoReward,47,0.9912043067630766,-3.2064489873965316,193.6791334503311,11.557141280353202,Washout,2,,0.0
210,CL78462911bI451,NoReward,48,1.1543708231787473,-3.7342716730417918,216.29346261104976,12.064551381215471,Washout,2,,0.0
211,CL78462911bI451,NoReward,49,0.8725196254964974,-11.56512347270971,828.5553907734806,19.179774585635354,Washout,2,,0.0
212,CL78462911bI451,NoReward,50,0.9249859264838879,-6.270689547969074,296.64633977262696,14.037620309050771,Washout,2,,0.0
213,CL78462911bI451,NoReward,51,0.8738003455698307,-4.983993974877268,409.6067833491713,15.653521546961327,Washout,2,,0.0
214,CL78462911bI451,NoReward,52,1.0202133715554462,-10.00302370898792,466.13356831933703,18.027833149171272,Washout,2,,0.0
216,XY13546991Od507,NoReward,0,0.9439005516838732,14.520058494480455,1787.0765381931567,29.2370408388521,Baseline,0,,0.0
217,XY13546991Od507,NoReward,1,1.0749736787255806,-2.9390124767414436,630.670486158011,18.372955801104975,Baseline,0,,0.0
218,XY13546991Od507,NoReward,2,0.899492836457178,-11.192508536186828,1217.0583929856355,25.650453038674033,Baseline,0,,0.0
219,XY13546991Od507,NoReward,3,0.9035766609225268,-8.192821265602763,1180.9109652486188,21.460209944751384,Baseline,0,,0.0
220,XY13546991Od507,NoReward,4,1.102641018000164,-17.042630325086346,531.6347347668509,18.798773480662984,Baseline,0,,0.0
221,XY13546991Od507,NoReward,5,0.9082253392743476,10.729346544058348,804.3987971381216,21.684711602209944,Baseline,0,,0.0
222,XY13546991Od507,NoReward,6,1.0405453191284384,-3.457849128953411,555.3057780651934,18.769130386740333,Baseline,0,,0.0
223,XY13546991Od507,NoReward,7,1.00927192907921,7.681510893931656,695.0512175209714,20.08601986754967,Baseline,0,,0.0
224,XY13546991Od507,NoReward,8,0.9366196844882748,15.20278284890544,1246.6453022994476,25.601530386740333,Baseline,0,,0.0
225,XY13546991Od507,NoReward,9,1.149518409493914,5.4091368977632275,549.755134,18.29235359116022,Baseline,0,,0.0
226,XY13546991Od507,NoReward,10,0.8949489041269533,4.7604711712105425,622.1916035314918,17.742738121546964,Baseline,0,,0.0
227,XY13546991Od507,NoReward,11,1.0557329329114558,10.691205234150928,456.7734936740331,15.832719337016576,Baseline,0,,0.0
228,XY13546991Od507,NoReward,12,0.7205770821288366,36.00010994445826,3257.4915663785873,42.78102538631347,Adaptation,1,,0.0
229,XY13546991Od507,NoReward,13,0.9077508889674398,41.046165155199695,3053.8844531977898,44.14417900552487,Adaptation,1,,0.0
230,XY13546991Od507,NoReward,14,0.8338408452510624,39.535545562582016,3249.9859705392273,43.08019005524862,Adaptation,1,,0.0
231,XY13546991Od507,NoReward,15,0.8845338266156064,44.025299418925854,3380.266038766851,46.41822099447514,Adaptation,1,,0.0
232,XY13546991Od507,NoReward,16,0.9274940334259677,31.716727107124257,2500.3091536596685,40.097467403314916,Adaptation,1,,0.0
233,XY13546991Od507,NoReward,17,0.7619487490124478,39.83708002948556,3387.273090351381,44.679016574585646,Adaptation,1,,0.0
234,XY13546991Od507,NoReward,18,0.7626418436797515,37.90456091512717,3441.3955462099448,46.462660773480664,Adaptation,1,,0.0
235,XY13546991Od507,NoReward,19,1.0397830282748692,18.065934591806297,1275.6615055027623,27.148839779005527,Adaptation,1,,0.0
236,XY13546991Od507,NoReward,20,0.8424890299509445,14.801944538525605,2065.4683418685086,36.35485414364641,Adaptation,1,,0.0
237,XY13546991Od507,NoReward,21,0.7432316395167896,9.512266177201292,1930.4111895513813,34.740875138121545,Adaptation,1,,0.0
238,XY13546991Od507,NoReward,22,0.9620849824292229,31.0222755265656,1874.0679451942606,33.45990949227374,Adaptation,1,,0.0
239,XY13546991Od507,NoReward,23,0.7535397084416693,20.585163254505105,2162.361746441989,34.021244198895026,Adaptation,1,,0.0
240,XY13546991Od507,NoReward,24,0.8936006305268758,25.597094570054576,1332.6594900508287,27.514545856353596,Adaptation,1,,0.0
241,XY13546991Od507,NoReward,25,0.8651588717474241,35.425622826586306,2607.2693829525388,40.38990838852097,Adaptation,1,,0.0
242,XY13546991Od507,NoReward,26,0.8747159520730141,41.16058657506739,3463.1957201933706,46.79309060773481,Adaptation,1,,0.0
243,XY13546991Od507,NoReward,27,0.8437740179652541,39.32812242479973,3808.0445210662983,45.19285414364641,Adaptation,1,,0.0
244,XY13546991Od507,NoReward,28,0.9700447594273266,27.491354948224995,2282.261692139227,35.91742983425415,Adaptation,1,,0.0
245,XY13546991Od507,NoReward,29,1.0515226596397096,27.550432849772037,1626.3797779337751,31.08489183222958,Adaptation,1,,0.0
246,XY13546991Od507,NoReward,30,0.9981294018675461,38.17901283059619,2444.062928962431,38.89630165745857,Adaptation,1,,0.0
247,XY13546991Od507,NoReward,31,1.1443716709096599,27.35774400405427,2039.1599304729282,35.822229834254145,Adaptation,1,,0.0
248,XY13546991Od507,NoReward,32,0.5577007561236951,34.752345053072915,4437.593512605526,51.6886541436464,Adaptation,1,,0.0
249,XY13546991Od507,NoReward,33,0.8091959156020171,30.699389042458296,2296.309625913907,37.78797130242826,Adaptation,1,,0.0
250,XY13546991Od507,NoReward,34,0.739743558327371,40.636197465589824,3602.337635186535,47.23039845474614,Adaptation,1,,0.0
251,XY13546991Od507,NoReward,35,1.064350886163192,31.956582238446796,2719.3538362221,41.891333701657466,Adaptation,1,,0.0
252,XY13546991Od507,NoReward,36,0.9409942776174332,32.381162370718855,2698.918018658564,37.563352486187846,Adaptation,1,,0.0
253,XY13546991Od507,NoReward,37,0.8315461291121289,34.18427143020936,2339.621204154696,37.12041546961326,Adaptation,1,,0.0
254,XY13546991Od507,NoReward,38,0.9594243778798053,36.83914429141301,2525.571416812155,39.914202209944754,Adaptation,1,,0.0
255,XY13546991Od507,NoReward,39,0.8925956929478052,43.13290317865736,3374.0199489756906,45.80313259668508,Adaptation,1,,0.0
256,XY13546991Od507,NoReward,40,1.0293983977368009,35.46217058515439,2139.294655879691,37.443219646799115,Adaptation,1,,0.0
257,XY13546991Od507,NoReward,41,0.7446283576550679,30.940639529757792,2643.29498101768,34.23763867403315,Adaptation,1,,0.0
258,XY13546991Od507,NoReward,42,1.0752226912052778,-6.105803680001191,882.2942360906077,24.154826519337014,Adaptation,1,,0.0
259,XY13546991Od507,NoReward,43,0.8372593019265828,9.513032415486661,710.886821720442,19.855344751381217,Washout,2,,0.0
260,XY13546991Od507,NoReward,44,0.8841039908171715,14.032659587785746,866.3941114110498,23.878993370165748,Washout,2,,0.0
261,XY13546991Od507,NoReward,45,0.8933609516056744,-3.3784639371886467,571.809908840884,17.966617679558013,Washout,2,,0.0
262,XY13546991Od507,NoReward,46,0.8324497120292426,-2.395536033050108,554.6541157116022,18.190308287292815,Washout,2,,0.0
263,XY13546991Od507,NoReward,47,0.8954621184759808,5.624633617314921,366.2544032306843,14.867541942604857,Washout,2,,0.0
264,XY13546991Od507,NoReward,48,0.9528392192743484,-4.804476312335047,434.67203220883977,17.182681767955803,Washout,2,,0.0
265,XY13546991Od507,NoReward,49,0.9130986093169156,-5.037076641505082,513.376565040884,17.506251933701655,Washout,2,,0.0
266,XY13546991Od507,NoReward,50,0.8526052428969758,-2.3034553266438205,518.4461904569537,18.295448123620307,Washout,2,,0.0
267,XY13546991Od507,NoReward,51,0.8473762108717948,-2.7404793035142667,362.9723386883978,14.689771270718232,Washout,2,,0.0
268,XY13546991Od507,NoReward,52,0.8501550140715464,6.21980992684395,520.0989089856354,18.954937016574586,Washout,2,,0.0
270,iA94696354Ww734,NoReward,0,0.8842553808533242,-1.295693772746045,685.4202583863134,20.373997792494485,Baseline,0,,0.0
271,iA94696354Ww734,NoReward,1,0.819235802606883,0.11278672852346716,669.614237843094,20.379871823204418,Baseline,0,,0.0
272,iA94696354Ww734,NoReward,2,0.8326720278914846,12.166108039258893,1565.3012127138118,28.36977900552486,Baseline,0,,0.0
273,iA94696354Ww734,NoReward,3,0.9939070922491998,-7.313135506047091,522.7775931546961,17.71760552486188,Baseline,0,,0.0
274,iA94696354Ww734,NoReward,4,0.9430334614958059,2.6516318998161856,514.8922197668509,17.804779005524864,Baseline,0,,0.0
275,iA94696354Ww734,NoReward,5,0.8623644251232241,6.323383438344355,1100.9786088154694,22.89779668508287,Baseline,0,,0.0
276,iA94696354Ww734,NoReward,6,0.850744348457088,1.8955812546658093,920.3084455480662,23.26345082872928,Baseline,0,,0.0
277,iA94696354Ww734,NoReward,7,0.9961048092865545,-2.5412260610982056,177.49293651712708,11.06774143646409,Baseline,0,,0.0
278,iA94696354Ww734,NoReward,8,0.9607279468844651,1.664580486392592,325.8865967933702,14.504603314917127,Baseline,0,,0.0
279,iA94696354Ww734,NoReward,9,0.8758705419238196,0.435657424516426,590.6134744220994,18.2388773480663,Baseline,0,,0.0
280,iA94696354Ww734,NoReward,10,0.9736875939480862,-1.2239896857212034,186.511863160221,11.12115138121547,Baseline,0,,0.0
281,iA94696354Ww734,NoReward,11,0.8946710511096353,-0.613954340965805,379.64868237969097,14.616993377483443,Baseline,0,,0.0
282,iA94696354Ww734,NoReward,12,0.4793353296286158,24.54031767659109,4395.024868907182,50.39868839779006,Adaptation,1,,0.0
283,iA94696354Ww734,NoReward,13,0.833151680001423,18.025803480370943,1532.4788219458562,30.262345856353594,Adaptation,1,,0.0
284,iA94696354Ww734,NoReward,14,0.7257305863293826,1.2466521649781814,2712.03756360663,37.73142099447514,Adaptation,1,,0.0
285,iA94696354Ww734,NoReward,15,0.9014497293555632,1.6966475608619729,736.8979795801106,20.018198895027627,Adaptation,1,,0.0
286,iA94696354Ww734,NoReward,16,0.7594784964052003,8.286727676273527,1845.8101245198677,27.05996357615894,Adaptation,1,,0.0
287,iA94696354Ww734,NoReward,17,0.8778284887618414,3.630440020903018,1082.4316989259669,22.68289502762431,Adaptation,1,,0.0
288,iA94696354Ww734,NoReward,18,0.8180993515853603,6.798209531698882,1085.0222400961327,25.570478453038675,Adaptation,1,,0.0
289,iA94696354Ww734,NoReward,19,0.9921437030052996,4.624105344696973,618.114458003315,19.795433149171274,Adaptation,1,,0.0
290,iA94696354Ww734,NoReward,20,0.9815826457852521,6.502208286778022,657.4208164607736,17.95999447513812,Adaptation,1,,0.0
291,iA94696354Ww734,NoReward,21,1.0141660622865014,11.086941214015777,1698.2723418309392,30.682575690607734,Adaptation,1,,0.0
292,iA94696354Ww734,NoReward,22,0.8632787962854472,0.41554145408154797,1101.8909063613262,23.737550276243095,Adaptation,1,,0.0
293,iA94696354Ww734,NoReward,23,0.8807746587116927,-2.5360338616352927,671.0115657922652,19.61961767955801,Adaptation,1,,0.0
294,iA94696354Ww734,NoReward,24,0.9520149880786388,3.4624544072847385,602.0495341556292,18.629082781456955,Adaptation,1,,0.0
295,iA94696354Ww734,NoReward,25,0.968169467820891,7.947060083423776,1005.5208382994474,22.96928508287293,Adaptation,1,,0.0
296,iA94696354Ww734,NoReward,26,0.798328054690645,6.051267405332118,1153.1398455834255,22.90239226519337,Adaptation,1,,0.0
297,iA94696354Ww734,NoReward,27,0.9977717999774453,-1.8882949027673703,530.5536441093923,17.151293922651934,Adaptation,1,,0.0
298,iA94696354Ww734,NoReward,28,0.8412964994020151,10.483592378408696,1230.7903777801107,22.02578453038674,Adaptation,1,,0.0
299,iA94696354Ww734,NoReward,29,0.47987143419776607,28.67061283783403,3901.2345888839777,44.3513546961326,Adaptation,1,,0.0
300,iA94696354Ww734,NoReward,30,0.6153721399406222,18.046482109195498,3342.157200656354,39.42313370165746,Adaptation,1,,0.0
301,iA94696354Ww734,NoReward,31,0.43955430120241845,25.878833122574548,4328.115955596027,48.46872185430464,Adaptation,1,,0.0
302,iA94696354Ww734,NoReward,32,0.9204008835681621,6.710102890971507,1315.9580318132596,24.703556906077345,Adaptation,1,,0.0
303,iA94696354Ww734,NoReward,33,1.130034387138878,1.6310711092263734,500.78631902872934,16.28106850828729,Adaptation,1,,0.0
304,iA94696354Ww734,NoReward,34,1.0076109454234625,4.133786273218356,705.4797022707181,19.36814696132597,Adaptation,1,,0.0
305,iA94696354Ww734,NoReward,35,1.0396800686820604,1.2751766368521653,672.2652008839779,20.355138121546965,Adaptation,1,,0.0
306,iA94696354Ww734,NoReward,36,0.8267276440478972,3.4832938854672877,1375.3420405093925,24.54661325966851,Adaptation,1,,0.0
307,iA94696354Ww734,NoReward,37,0.8664549776443344,3.4874315403037746,1209.532125878453,24.529279558011048,Adaptation,1,,0.0
308,iA94696354Ww734,NoReward,38,0.7091679088157565,9.213601263844623,2325.1707466309394,32.043835359116024,Adaptation,1,,0.0
309,iA94696354Ww734,NoReward,39,1.0081855631259367,5.595522503451731,507.11562405745855,17.1996729281768,Adaptation,1,,0.0
310,iA94696354Ww734,NoReward,40,0.9832949884914649,15.990571642672636,1309.5832749502765,27.206411049723755,Adaptation,1,,0.0
311,iA94696354Ww734,NoReward,41,1.018964035030763,3.63149338705297,958.3434605182321,23.360175690607733,Adaptation,1,,0.0
312,iA94696354Ww734,NoReward,42,0.9831417022008527,-5.890570729020741,761.2590140961325,21.16461767955801,Adaptation,1,,0.0
313,iA94696354Ww734,NoReward,43,1.010982132352993,-1.8481823809520925,413.7880351381216,13.74478232044199,Washout,2,,0.0
314,iA94696354Ww734,NoReward,44,0.9616395581052457,2.3637978812240674,592.5869980850828,15.654239779005524,Washout,2,,0.0
315,iA94696354Ww734,NoReward,45,1.0041034368476975,-1.361585676184076,328.73431281988957,12.979500552486188,Washout,2,,0.0
316,iA94696354Ww734,NoReward,46,1.0061743298794443,-1.1816296237306783,235.5348504994475,11.56900994475138,Washout,2,,0.0
317,iA94696354Ww734,NoReward,47,0.9992392475398733,-7.108325742421382,483.68652101325966,15.955220994475141,Washout,2,,0.0
318,iA94696354Ww734,NoReward,48,0.9749483245399029,1.7184629852112736,466.0487785712707,16.07234143646409,Washout,2,,0.0
319,iA94696354Ww734,NoReward,49,1.007142820545089,2.5529623163042787,315.0382052243094,13.793792265193371,Washout,2,,0.0
320,iA94696354Ww734,NoReward,50,0.931616000528354,-5.0067473365237944,306.86913823756913,12.890560220994475,Washout,2,,0.0
321,iA94696354Ww734,NoReward,51,1.0240666597231503,0.14556020903482514,131.73619474585635,8.759212154696131,Washout,2,,0.0
322,iA94696354Ww734,NoReward,52,0.9043360287223714,2.534218198153255,423.05499269392266,14.207396685082877,Washout,2,,0.0
324,UJ22372929Ma480,NoReward,0,0.9226347568633924,-2.1012796528380067,875.483695866446,20.09093046357616,Baseline,0,,0.0
378,nN48787345GM446,Reward,0,0.6442908401897816,-0.5118531708584817,675.8322759988962,21.004709713024283,Baseline,0,,1.0
379,nN48787345GM446,Reward,1,0.5289965932635656,3.930710344633358,1966.996453285083,32.640140331491715,Baseline,0,,1.0
380,nN48787345GM446,Reward,2,0.8234903415646233,-1.3944899191418316,596.6120575458564,19.664387845303867,Baseline,0,,1.0
381,nN48787345GM446,Reward,3,0.921122090870064,1.0046924437969649,524.7826399027624,18.62683314917127,Baseline,0,,1.0
382,nN48787345GM446,Reward,4,0.8292218988020529,-5.6497564120221435,587.2429582872927,19.080530386740328,Baseline,0,,1.0
432,rN464901337br235,Reward,0,0.8857905917644903,-7.176018477443426,565.1282797991171,18.807567328918324,Baseline,0,,1.0
433,rN464901337br235,Reward,1,0.770562082678477,-5.829037115222323,647.3896034475138,19.703288397790054,Baseline,0,,1.0
434,rN464901337br235,Reward,2,0.8083096191606935,-3.992567054115909,428.4200116375691,16.829584530386743,Baseline,0,,1.0
435,rN464901337br235,Reward,3,0.8766373337906712,-0.31676302560324965,459.0245233635359,17.43254364640884,Baseline,0,,1.0
436,rN464901337br235,Reward,4,0.9610056051774187,0.095469937108828,203.1141920441989,11.002791160220994,Baseline,0,,1.0
437,rN464901337br235,Reward,5,0.9530667822096542,2.158534811473781,284.5838876817679,12.569462983425415,Baseline,0,,1.0
438,rN464901337br235,Reward,6,0.828299988657013,2.0303126815922106,458.72709139226515,16.522903867403315,Baseline,0,,1.0
439,rN464901337br235,Reward,7,0.8964529942844144,0.29244705200762,201.2548256121547,11.264076243093925,Baseline,0,,1.0
440,rN464901337br235,Reward,8,0.8557951045726646,-0.2412812653502061,300.63547398784533,14.672208839779005,Baseline,0,,1.0
441,rN464901337br235,Reward,9,0.9148073267421029,-0.8403210535854704,202.5301468475138,11.328739226519337,Baseline,0,,1.0
442,rN464901337br235,Reward,10,0.9309021594721385,0.11119459933871056,370.9257837138121,15.670827624309393,Baseline,0,,1.0
443,rN464901337br235,Reward,11,0.8761834481810775,-3.637907828786695,326.5178986729282,14.345616574585637,Baseline,0,,1.0
444,rN464901337br235,Reward,12,0.808571694147741,24.423814814560174,2599.6115657801106,36.02383977900553,Adaptation,1,,1.0
445,rN464901337br235,Reward,13,0.958968606553611,14.13921837071355,1056.1131783712708,22.70444861878453,Adaptation,1,,1.0
446,rN464901337br235,Reward,14,0.9350698592404447,16.308471611346665,1026.5537568342543,22.338553591160224,Adaptation,1,,1.0
447,rN464901337br235,Reward,15,0.8516789589315253,14.346824821736659,1498.5768149801324,29.225761589403973,Adaptation,1,,1.0
448,rN464901337br235,Reward,16,0.8554669426870103,17.424683806697466,1513.5961962475137,25.36628950276243,Adaptation,1,,1.0
449,rN464901337br235,Reward,17,0.9148324028299561,16.31524975111897,1007.2529030662985,25.632624309392266,Adaptation,1,,1.0
450,rN464901337br235,Reward,18,0.742753582377509,10.860301959029245,2084.238780974586,35.505376795580105,Adaptation,1,,1.0
451,rN464901337br235,Reward,19,0.9837589187617178,16.519170344386207,1232.2875539127074,26.062734806629837,Adaptation,1,,1.0
452,rN464901337br235,Reward,20,0.9064015787129153,5.8745214995124435,495.36768486077347,16.935309392265193,Adaptation,1,,1.0
453,rN464901337br235,Reward,21,0.9098149749733904,9.68619086800721,790.4054991259669,21.597072928176797,Adaptation,1,,1.0
454,rN464901337br235,Reward,22,1.0391756236357257,3.8584237208972714,416.960939039779,16.13192375690608,Adaptation,1,,1.0
455,rN464901337br235,Reward,23,0.797978332386095,6.444026204649132,928.8460484022099,23.53267403314917,Adaptation,1,,1.0
456,rN464901337br235,Reward,24,0.9782181339273129,3.37336978945936,317.6594637538631,13.74512913907285,Adaptation,1,,1.0
457,rN464901337br235,Reward,25,0.8527029829109747,3.6631782707385647,676.6476939381216,16.751124861878452,Adaptation,1,,1.0
458,rN464901337br235,Reward,26,0.7019207469697407,12.14197989897108,1155.0970122792494,26.06877152317881,Adaptation,1,,1.0
459,rN464901337br235,Reward,27,0.8520347375468644,-2.1527342107937533,1045.2786577019867,22.745779249448123,Adaptation,1,,1.0
460,rN464901337br235,Reward,28,0.87703381967788,2.7481923757651225,328.1497772928177,13.77023867403315,Adaptation,1,,1.0
461,rN464901337br235,Reward,29,0.9276680113100608,3.3231854178413855,462.62446008719655,15.993652317880795,Adaptation,1,,1.0
462,rN464901337br235,Reward,30,0.9630922613334801,6.387801039941402,311.82131069977925,14.447026490066225,Adaptation,1,,1.0
463,rN464901337br235,Reward,31,1.0253577740158824,6.705376528987772,629.3743975016574,20.344188950276244,Adaptation,1,,1.0
464,rN464901337br235,Reward,32,0.9078059828293443,0.7124761158656227,799.3667048707182,22.224563535911603,Adaptation,1,,1.0
465,rN464901337br235,Reward,33,0.90974898582035,-8.984683252771305,652.1078029801105,18.289950276243093,Adaptation,1,,1.0
466,rN464901337br235,Reward,34,0.909127591548789,16.60441979258524,1403.4541217535914,30.04281657458564,Adaptation,1,,1.0
467,rN464901337br235,Reward,35,1.0112024368942663,0.3476299371139394,277.17829229502763,13.023758011049724,Adaptation,1,,1.0
468,rN464901337br235,Reward,36,0.8973946914640911,-1.2256773391712295,446.92234330828734,16.79199116022099,Adaptation,1,,1.0
469,rN464901337br235,Reward,37,0.7911816362588326,0.1556187018300311,847.9729396607735,23.09063093922652,Adaptation,1,,1.0
470,rN464901337br235,Reward,38,0.8450395986531549,3.6870831424903656,692.1404655756904,19.011365745856352,Adaptation,1,,1.0
471,rN464901337br235,Reward,39,0.7177453699928154,5.110198216004306,1086.3073195756906,25.770293922651934,Adaptation,1,,1.0
472,rN464901337br235,Reward,40,0.8479038602056723,6.625697782357716,454.3612313127071,16.30143867403315,Adaptation,1,,1.0
473,rN464901337br235,Reward,41,0.9499553680763175,5.715777890633165,1013.746302953591,23.701006629834254,Adaptation,1,,1.0
474,rN464901337br235,Reward,42,1.0604250956470687,6.498441258270541,443.87661185303875,16.42381104972376,Adaptation,1,,1.0
475,rN464901337br235,Reward,43,0.8678660949014512,-0.9699925761789929,1059.2751840497237,26.53074806629834,Washout,2,,1.0
476,rN464901337br235,Reward,44,0.8375408183190804,-1.4036218213686942,388.60551048839784,15.78865193370166,Washout,2,,1.0
477,rN464901337br235,Reward,45,0.8445341428494079,-2.551372471877736,256.1181097593819,13.311739514348785,Washout,2,,1.0
478,rN464901337br235,Reward,46,0.8375088085010173,-2.5827924437722265,310.983633679558,12.512928176795581,Washout,2,,1.0
479,rN464901337br235,Reward,47,0.8446151070168473,-2.4101896824122084,196.7437233830022,11.231226269315673,Washout,2,,1.0
480,rN464901337br235,Reward,48,1.003839776342613,-3.5018775165844707,215.25553625720624,11.528379157427938,Washout,2,,1.0
481,rN464901337br235,Reward,49,0.9187977449965017,-2.7214728709863194,322.643642319337,14.196129281767956,Washout,2,,1.0
482,rN464901337br235,Reward,50,0.9417605416804884,2.649198220395871,265.6072915779005,13.098846408839778,Washout,2,,1.0
483,rN464901337br235,Reward,51,1.028469022800682,-0.39841161719806517,242.54000152154694,12.681791160220996,Washout,2,,1.0
484,rN464901337br235,Reward,52,0.8531747151176619,-0.11763606913010749,205.76975572265192,11.66000994475138,Washout,2,,1.0
485,rN464901337br235,Reward,53,0.9799782762120711,0.11354950748889159,353.9144008121547,15.473755801104971,Washout,2,,1.0
486,bK159349224Ky792,Reward,0,0.5687450774331975,5.980233114238646,1542.6491752350996,31.609504415011042,Baseline,0,,1.0
487,bK159349224Ky792,Reward,1,0.8661803051911993,-2.0806772984972177,738.8408715493333,22.613944,Baseline,0,,1.0
488,bK159349224Ky792,Reward,2,0.6048412042262667,-15.217595116329633,2812.97889297485,34.06494371257485,Baseline,0,,1.0
489,bK159349224Ky792,Reward,3,0.9594719140577039,-7.717602954880325,886.2693393742254,21.71868525402726,Baseline,0,,1.0
490,bK159349224Ky792,Reward,4,0.8801369310632586,-0.05851735706840411,757.5749160221067,21.643798439531857,Baseline,0,,1.0
492,bK159349224Ky792,Reward,6,-0.19821171476113397,17.515778722141583,7050.510594716023,71.4100044198895,Baseline,0,,1.0
540,N,Reward,0,0.947665023493684,-1.6517768747393144,278.5978171149172,14.03733591160221,Baseline,0,,1.0
541,N,Reward,1,0.9118090809608201,-18.142559696940033,420.5324861362124,20.099451827242518,Baseline,0,,1.0
543,N,Reward,3,0.2987068298227578,7.419777359052695,2725.863079343226,43.56219741935484,Baseline,0,,1.0
544,N,Reward,4,0.4067528043081366,13.873373001922271,1970.9627975193373,33.642955801104975,Baseline,0,,1.0
545,N,Reward,5,-0.054334649175651784,-19.727147722923785,5080.886934740331,60.05005966850829,Baseline,0,,1.0
546,N,Reward,6,0.698431888114786,7.8253331703749565,1279.2608174983427,27.56582099447514,Baseline,0,,1.0
547,N,Reward,7,0.8028981261549246,-3.96495686263855,721.7682221889504,21.245360220994478,Baseline,0,,1.0
548,N,Reward,8,0.5811365121981656,-1.753084238479437,1790.8701837016574,30.598620994475137,Baseline,0,,1.0
549,N,Reward,9,0.7631543790791342,6.179131804430447,1301.776290509934,25.759770419426047,Baseline,0,,1.0
594,QJ690773638qD178,NoReward,0,1.0103903002261194,-1.7435109707517666,428.07705237306834,15.184401766004417,Baseline,0,,0.0
595,QJ690773638qD178,NoReward,1,0.9318947376193556,3.026055846683855,500.1657126474735,17.81644535840188,Baseline,0,,0.0
596,QJ690773638qD178,NoReward,2,0.9707006636085418,-0.9099545860483746,332.7953900296128,13.184603644646925,Baseline,0,,0.0
597,QJ690773638qD178,NoReward,3,0.967178104186989,-2.8204185589472646,384.68748303868693,16.09203751465416,Baseline,0,,0.0
598,QJ690773638qD178,NoReward,4,0.8528656675824008,-5.1387738912149885,567.1556104341176,19.398267058823528,Baseline,0,,0.0
599,QJ690773638qD178,NoReward,5,0.9038876228469795,5.2016939765964905,516.0853496091954,17.416560919540228,Baseline,0,,0.0
601,QJ690773638qD178,NoReward,7,0.05462980952624774,-24.286361635746548,3635.6071796276246,51.00195690607734,Baseline,0,,0.0
603,QJ690773638qD178,NoReward,9,0.04161134348675666,-18.68917987024219,4144.777215165888,52.37432476635513,Baseline,0,,0.0
649,Y,Reward,1,0.7806797157359103,-10.122224274314489,822.0324725651216,18.636739514348783,Baseline,0,,1.0
650,Y,Reward,2,0.934177029865677,-1.4074116620266812,361.8518412309392,15.19830718232044,Baseline,0,,1.0
651,Y,Reward,3,0.8427195698069361,-4.318848090872869,687.1469762839778,20.06647403314917,Baseline,0,,1.0
810,MY493867256yh257,NoReward,0,0.9691814014484887,0.7132303993400493,521.7440326677704,17.848974613686533,Baseline,0,,0.0
811,MY493867256yh257,NoReward,1,0.9175011945202721,2.086996081349854,576.9568288872928,17.01293591160221,Baseline,0,,0.0
812,MY493867256yh257,NoReward,2,0.9188204811590786,7.5765914595512065,562.9719785812154,18.477281767955805,Baseline,0,,0.0
813,MY493867256yh257,NoReward,3,0.9309398042980724,5.066015385396566,701.880325918232,18.220614364640888,Baseline,0,,0.0
814,MY493867256yh257,NoReward,4,0.8996025028650165,16.511154641225865,1147.6639791845303,25.324914917127074,Baseline,0,,0.0
815,MY493867256yh257,NoReward,5,0.8625005660811549,8.150693687385491,1033.2497052618785,23.35492596685083,Baseline,0,,0.0
816,MY493867256yh257,NoReward,6,0.8319645455360228,3.580210374048232,362.69792591491716,14.631647513812155,Baseline,0,,0.0
817,MY493867256yh257,NoReward,7,0.8796713083689383,1.0031008383064846,325.4590595281768,13.835649723756905,Baseline,0,,0.0
818,MY493867256yh257,NoReward,8,0.9890188932194297,0.6136749801598218,551.179928322652,18.185122651933703,Baseline,0,,0.0
819,MY493867256yh257,NoReward,9,0.8196008985825018,-2.5502933210071372,786.4379813016575,21.292819889502763,Baseline,0,,0.0
820,MY493867256yh257,NoReward,10,0.8474772818178465,2.1372622008238125,706.3521226453039,19.87487513812155,Baseline,0,,0.0
821,MY493867256yh257,NoReward,11,0.9104884857289092,3.1593290234623623,617.3803896386739,18.251163535911598,Baseline,0,,0.0
822,MY493867256yh257,NoReward,12,0.7939758952873873,14.838732003656656,2067.189353725166,31.638347682119207,Adaptation,1,,0.0
823,MY493867256yh257,NoReward,13,0.8854392964002474,1.194921158293675,1642.9633100044198,30.458132596685083,Adaptation,1,,0.0
824,MY493867256yh257,NoReward,14,0.9119759664048297,5.435932148494358,1355.1929646751382,28.28433038674033,Adaptation,1,,0.0
825,MY493867256yh257,NoReward,15,0.9969272384248153,-0.011982916895350915,1046.3760042519336,25.045109392265193,Adaptation,1,,0.0
826,MY493867256yh257,NoReward,16,0.8911994475384307,10.741661094483305,879.9298408088398,24.17710718232044,Adaptation,1,,0.0
827,MY493867256yh257,NoReward,17,0.8884919797565687,2.8529907395991985,945.8274454437087,24.7689646799117,Adaptation,1,,0.0
828,MY493867256yh257,NoReward,18,0.9662063497087061,9.465907818667748,808.7661189955802,21.241117127071824,Adaptation,1,,0.0
829,MY493867256yh257,NoReward,19,0.6623385196000409,23.45764508814702,2852.4106874028703,38.11304304635762,Adaptation,1,,0.0
830,MY493867256yh257,NoReward,20,0.888708809887089,14.74802760842028,2014.2013704961325,34.32703535911602,Adaptation,1,,0.0
831,MY493867256yh257,NoReward,21,0.8105206549419581,1.2650338116713622,1469.504005686188,27.913719337016573,Adaptation,1,,0.0
832,MY493867256yh257,NoReward,22,0.849596581350685,2.4464588853200766,989.0380767558012,22.399356906077347,Adaptation,1,,0.0
833,MY493867256yh257,NoReward,23,0.9171606495871314,7.427360041230826,788.137440801105,22.24447403314917,Adaptation,1,,0.0
834,MY493867256yh257,NoReward,24,0.7518085598413373,18.311133769485807,2186.6830616419893,31.874391160221,Adaptation,1,,0.0
835,MY493867256yh257,NoReward,25,0.9835667943992612,-0.07965460384210377,802.3181256530387,21.67298342541437,Adaptation,1,,0.0
836,MY493867256yh257,NoReward,26,0.8540513792864408,1.4147283444726853,1016.3762312265193,22.27766629834254,Adaptation,1,,0.0
837,MY493867256yh257,NoReward,27,0.9472906374476302,7.158017521437473,992.0403129448124,23.230200883002208,Adaptation,1,,0.0
838,MY493867256yh257,NoReward,28,0.8497922708465812,7.646866382740756,1203.0845308200883,23.857915011037527,Adaptation,1,,0.0
839,MY493867256yh257,NoReward,29,0.783578416123899,15.6349528457907,2384.3694266535435,34.50320247469067,Adaptation,1,,0.0
840,MY493867256yh257,NoReward,30,1.0089998407501233,3.632861700835883,1110.4753616541439,26.100060773480664,Adaptation,1,,0.0
841,MY493867256yh257,NoReward,31,1.0492802695818984,3.209225362974729,1075.4567315624308,27.151339226519337,Adaptation,1,,0.0
842,MY493867256yh257,NoReward,32,0.8096492354403451,1.6595468125446644,1333.1127452707183,27.49627182320442,Adaptation,1,,0.0
843,MY493867256yh257,NoReward,33,0.7938706041249306,-1.8566251539378595,1305.1848023377486,26.63542825607064,Adaptation,1,,0.0
844,MY493867256yh257,NoReward,34,0.9059395566338986,4.064871398251436,1369.4675001005526,25.38692928176796,Adaptation,1,,0.0
845,MY493867256yh257,NoReward,35,0.9840446869640568,2.6109994798753555,985.22572460442,21.22599005524862,Adaptation,1,,0.0
846,MY493867256yh257,NoReward,36,0.9385948328496707,1.401659555280616,1724.3097864110496,29.63051049723757,Adaptation,1,,0.0
847,MY493867256yh257,NoReward,37,0.8344141186561191,5.101235714092886,1689.9422043719646,29.726915011037526,Adaptation,1,,0.0
848,MY493867256yh257,NoReward,38,0.9517445387933463,-1.7368777484951268,849.4757293060773,22.237449723756907,Adaptation,1,,0.0
849,MY493867256yh257,NoReward,39,0.8449807840251723,13.407393217719047,2031.6221218220994,34.099786740331496,Adaptation,1,,0.0
850,MY493867256yh257,NoReward,40,1.0508760047483678,8.387070004443698,1175.2027758637682,26.649539130434782,Adaptation,1,,0.0
851,MY493867256yh257,NoReward,41,0.9145418158101261,7.782639096181507,1433.1752165370165,27.394691712707182,Adaptation,1,,0.0
852,MY493867256yh257,NoReward,42,0.8433103415258371,-6.890296383405667,612.2468237138122,19.13682983425414,Adaptation,1,,0.0
853,MY493867256yh257,NoReward,43,0.9603237966246618,-2.9670962947343402,426.61162576685086,16.441161325966853,Washout,2,,0.0
854,MY493867256yh257,NoReward,44,0.9027223360054732,-0.9211139801773518,380.24223599116027,15.45372596685083,Washout,2,,0.0
855,MY493867256yh257,NoReward,45,0.8978529173357488,-1.317731129474446,315.5284243546961,14.012708287292817,Washout,2,,0.0
856,MY493867256yh257,NoReward,46,0.9823067336964116,-2.687890132324924,250.14831415138121,12.947214364640883,Washout,2,,0.0
857,MY493867256yh257,NoReward,47,0.99451706923294,2.0868800907361322,487.6749519889503,16.381571270718233,Washout,2,,0.0
858,MY493867256yh257,NoReward,48,0.96064302264417,3.426675168979591,288.56975387624306,12.812072928176795,Washout,2,,0.0
859,MY493867256yh257,NoReward,49,0.9052006209380422,-0.3891772898892178,377.57199079558006,14.353398895027624,Washout,2,,0.0
860,MY493867256yh257,NoReward,50,0.9069859960460074,-1.8757992901826328,346.25143380000003,14.960608839779004,Washout,2,,0.0
861,MY493867256yh257,NoReward,51,0.9623339540578675,-2.136317453860775,386.77732360773484,15.348814364640885,Washout,2,,0.0
862,MY493867256yh257,NoReward,52,0.8254426778305237,-9.406889940876457,665.2441341723755,19.98374364640884,Washout,2,,0.0
