,PtxID,trial,group,Phase,MeanAbsErr
0,AC255458104IA833,0,Reward,Baseline,57.41841215469613
1,AC255458104IA833,1,Reward,Baseline,19.809548565121407
2,AC255458104IA833,2,Reward,Baseline,3.0217823204419787
3,AC255458104IA833,3,Reward,Baseline,33.46359116022099
4,AC255458104IA833,5,Reward,Baseline,63.154898749255516
5,Ai275415234NZ493,0,Reward,Baseline,49.76390949227373
6,Ai275415234NZ493,1,Reward,Baseline,20.770454172366623
7,Ai275415234NZ493,2,Reward,Baseline,20.347960907944515
8,Ai275415234NZ493,3,Reward,Baseline,18.008717691342536
9,Ai275415234NZ493,4,Reward,Baseline,20.362858632676705
10,Ai275415234NZ493,5,Reward,Baseline,17.722443467336685
11,Ai275415234NZ493,6,Reward,Baseline,18.30146573604061
12,Ai275415234NZ493,7,Reward,Baseline,15.414158857142857
13,Ai275415234NZ493,8,Reward,Baseline,18.202366127023662
14,Ai275415234NZ493,9,Reward,Baseline,17.86161806451613
15,Ai275415234NZ493,10,Reward,Baseline,16.85025117370892
16,Ai275415234NZ493,11,Reward,Baseline,17.49754289215686
17,Ai275415234NZ493,12,Reward,Baseline,41.330247044917265
18,Ai275415234NZ493,13,Reward,Baseline,46.550988913525494
19,Ai275415234NZ493,14,Reward,Baseline,41.632244725738396
20,Ai275415234NZ493,19,Reward,Baseline,32.79714285714286
21,Ai275415234NZ493,20,Reward,Adaptation,37.26846463022508
22,Ai275415234NZ493,21,Reward,Adaptation,35.61888329519451
23,Ai275415234NZ493,22,Reward,Adaptation,34.58794254143647
24,Ai275415234NZ493,23,Reward,Adaptation,38.16391160220994
25,Ai275415234NZ493,24,Reward,Adaptation,30.84245082872928
26,Ai275415234NZ493,25,Reward,Adaptation,33.373225165562914
27,Ai275415234NZ493,31,Reward,Adaptation,27.852818784530385
28,Ai275415234NZ493,32,Reward,Adaptation,18.092672131147545
29,Ai275415234NZ493,33,Reward,Adaptation,35.67313333333334
30,Ai275415234NZ493,34,Reward,Adaptation,39.51363308457711
31,Ai275415234NZ493,35,Reward,Adaptation,53.630433962264156
32,Ai275415234NZ493,36,Reward,Adaptation,32.543660256410256
33,Ai275415234NZ493,37,Reward,Adaptation,28.794118380062304
34,Ai275415234NZ493,38,Reward,Adaptation,32.83833149171271
35,Ai275415234NZ493,39,Reward,Adaptation,28.20797936893204
36,Ai275415234NZ493,40,Reward,Adaptation,33.53436405005689
37,Ai275415234NZ493,41,Reward,Washout,19.912327272727275
38,Ai275415234NZ493,42,Reward,Washout,23.655516469038204
39,Ai275415234NZ493,43,Reward,Washout,18.59191611479029
40,Ai275415234NZ493,44,Reward,Washout,17.897516666666665
41,Ai275415234NZ493,45,Reward,Washout,19.354140331491717
42,Ai275415234NZ493,46,Reward,Washout,20.73160552486188
43,Ai275415234NZ493,47,Reward,Washout,11.76045882352941
44,Ai275415234NZ493,48,Reward,Washout,13.385283018867923
45,Ai275415234NZ493,49,Reward,Washout,17.179519337016576
46,Ai275415234NZ493,50,Reward,Washout,18.793739413680782
47,Ai275415234NZ493,51,Reward,Washout,17.209560220994476
48,Ai275415234NZ493,52,Reward,Washout,16.830125
49,CL78462911bI451,0,NoReward,Baseline,49.66186092715232
50,CL78462911bI451,1,NoReward,Baseline,33.89550718232044
51,CL78462911bI451,2,NoReward,Baseline,29.455839779005522
52,CL78462911bI451,3,NoReward,Baseline,27.251012154696134
53,CL78462911bI451,4,NoReward,Baseline,22.3673226519337
54,CL78462911bI451,5,NoReward,Baseline,29.911382320441987
55,CL78462911bI451,6,NoReward,Baseline,21.268796685082872
56,CL78462911bI451,7,NoReward,Baseline,24.34335359116022
57,CL78462911bI451,8,NoReward,Baseline,26.643616574585632
58,CL78462911bI451,9,NoReward,Baseline,18.91254475138122
59,CL78462911bI451,10,NoReward,Baseline,16.291746961325966
60,CL78462911bI451,11,NoReward,Baseline,13.680131346578367
61,CL78462911bI451,12,NoReward,Baseline,38.281334806629836
62,CL78462911bI451,13,NoReward,Baseline,46.89797127071824
63,CL78462911bI451,14,NoReward,Baseline,34.09362582781457
64,CL78462911bI451,15,NoReward,Baseline,40.21704198895028
65,CL78462911bI451,16,NoReward,Baseline,39.57251491712707
66,CL78462911bI451,17,NoReward,Baseline,38.122969094922745
67,CL78462911bI451,18,NoReward,Baseline,35.12422651933702
68,CL78462911bI451,19,NoReward,Baseline,54.87979889502763
69,CL78462911bI451,20,NoReward,Adaptation,33.30447902869757
70,CL78462911bI451,21,NoReward,Adaptation,28.330830939226523
71,CL78462911bI451,22,NoReward,Adaptation,27.16690607734807
72,CL78462911bI451,23,NoReward,Adaptation,28.487332596685082
73,CL78462911bI451,24,NoReward,Adaptation,26.52192817679558
74,CL78462911bI451,25,NoReward,Adaptation,25.60697790055249
75,CL78462911bI451,26,NoReward,Adaptation,30.888152654867255
76,CL78462911bI451,27,NoReward,Adaptation,21.830123756906076
77,CL78462911bI451,28,NoReward,Adaptation,23.74879226519337
78,CL78462911bI451,29,NoReward,Adaptation,28.75225524861879
79,CL78462911bI451,30,NoReward,Adaptation,24.415019889502762
80,CL78462911bI451,31,NoReward,Adaptation,29.576766004415013
81,CL78462911bI451,32,NoReward,Adaptation,21.45846688741722
82,CL78462911bI451,33,NoReward,Adaptation,21.66681767955801
83,CL78462911bI451,34,NoReward,Adaptation,31.78250497237569
84,CL78462911bI451,35,NoReward,Adaptation,25.09441104972376
85,CL78462911bI451,36,NoReward,Adaptation,36.51967403314917
86,CL78462911bI451,37,NoReward,Adaptation,25.76849281767956
87,CL78462911bI451,38,NoReward,Adaptation,21.414903867403318
88,CL78462911bI451,39,NoReward,Adaptation,37.27512265193371
89,CL78462911bI451,40,NoReward,Adaptation,32.74856022099448
90,CL78462911bI451,41,NoReward,Washout,24.871028697571745
91,CL78462911bI451,42,NoReward,Washout,23.256743646408843
92,CL78462911bI451,43,NoReward,Washout,17.671612582781457
93,CL78462911bI451,44,NoReward,Washout,14.092814364640883
94,CL78462911bI451,45,NoReward,Washout,18.676198895027625
95,CL78462911bI451,46,NoReward,Washout,15.940451933701656
96,CL78462911bI451,47,NoReward,Washout,11.557141280353202
97,CL78462911bI451,48,NoReward,Washout,12.064551381215471
98,CL78462911bI451,49,NoReward,Washout,19.179774585635354
99,CL78462911bI451,50,NoReward,Washout,14.037620309050771
100,CL78462911bI451,51,NoReward,Washout,15.653521546961327
101,CL78462911bI451,52,NoReward,Washout,18.027833149171272
102,Ch285298221IQ296,0,Reward,Baseline,25.83855187637969
103,Ch285298221IQ296,1,Reward,Baseline,17.215720588235293
104,Ch285298221IQ296,2,Reward,Baseline,12.56415135135135
105,Ch285298221IQ296,3,Reward,Baseline,14.273215838509318
106,Ch285298221IQ296,4,Reward,Baseline,18.279815450643778
107,Ch285298221IQ296,5,Reward,Baseline,18.877977443609023
108,Ch285298221IQ296,6,Reward,Baseline,15.69778417266187
109,Ch285298221IQ296,7,Reward,Baseline,17.491332840236687
110,Ch285298221IQ296,8,Reward,Baseline,17.54885714285714
111,Ch285298221IQ296,9,Reward,Baseline,25.621245112781956
112,Ch285298221IQ296,10,Reward,Baseline,14.64257225433526
113,Ch285298221IQ296,11,Reward,Baseline,15.1250176730486
114,Ch285298221IQ296,12,Reward,Baseline,42.65056666666666
115,Ch285298221IQ296,13,Reward,Baseline,24.74177861445783
116,Ch285298221IQ296,14,Reward,Baseline,24.268618897637797
117,Ch285298221IQ296,15,Reward,Baseline,20.309785394932938
118,Ch285298221IQ296,16,Reward,Baseline,30.77486398763524
119,Ch285298221IQ296,17,Reward,Baseline,24.285573333333332
120,Ch285298221IQ296,18,Reward,Baseline,32.65876138147567
121,Ch285298221IQ296,19,Reward,Baseline,29.01131304347826
122,Ch285298221IQ296,20,Reward,Adaptation,29.034073795180717
123,Ch285298221IQ296,21,Reward,Adaptation,25.500426865671642
124,Ch285298221IQ296,22,Reward,Adaptation,23.432068750000003
125,Ch285298221IQ296,23,Reward,Adaptation,27.77330734632684
126,Ch285298221IQ296,24,Reward,Adaptation,27.300916247906198
127,Di839285889sX391,0,Reward,Baseline,28.030261589403974
128,Di839285889sX391,1,Reward,Baseline,16.998018784530384
129,Di839285889sX391,2,Reward,Baseline,18.57291049723757
130,Di839285889sX391,3,Reward,Baseline,15.830290607734808
131,Di839285889sX391,4,Reward,Baseline,25.0964408839779
132,Di839285889sX391,5,Reward,Baseline,14.524096132596686
133,Di839285889sX391,6,Reward,Baseline,19.06650718232044
134,Di839285889sX391,7,Reward,Baseline,17.03369205298013
135,Di839285889sX391,8,Reward,Baseline,16.12588287292818
136,Di839285889sX391,9,Reward,Baseline,18.912331491712706
137,Di839285889sX391,10,Reward,Baseline,15.67339779005525
138,Di839285889sX391,11,Reward,Baseline,15.979995580110497
139,Di839285889sX391,12,Reward,Baseline,27.225167770419425
140,Di839285889sX391,13,Reward,Baseline,33.816429834254144
141,Di839285889sX391,14,Reward,Baseline,31.378181215469613
142,Di839285889sX391,15,Reward,Baseline,25.3704729281768
143,Di839285889sX391,16,Reward,Baseline,28.36719226519337
144,Di839285889sX391,17,Reward,Baseline,28.723239779005524
145,Di839285889sX391,18,Reward,Baseline,23.800275138121552
146,Di839285889sX391,19,Reward,Baseline,31.81450386740331
147,Di839285889sX391,20,Reward,Adaptation,23.63071270718232
148,Di839285889sX391,21,Reward,Adaptation,38.4885182320442
149,Di839285889sX391,22,Reward,Adaptation,23.720501657458566
150,Di839285889sX391,23,Reward,Adaptation,17.503930386740333
151,Di839285889sX391,24,Reward,Adaptation,18.13911491712707
152,Di839285889sX391,25,Reward,Adaptation,15.974622099447513
153,Di839285889sX391,26,Reward,Adaptation,24.41247955801105
154,Di839285889sX391,27,Reward,Adaptation,18.22412375690608
155,Di839285889sX391,28,Reward,Adaptation,21.127338121546963
156,Di839285889sX391,29,Reward,Adaptation,21.145373480662986
157,Di839285889sX391,30,Reward,Adaptation,28.536552486187848
158,Di839285889sX391,31,Reward,Adaptation,27.20415138121547
159,Di839285889sX391,32,Reward,Adaptation,16.804744751381214
160,Di839285889sX391,33,Reward,Adaptation,15.725014364640883
161,Di839285889sX391,34,Reward,Adaptation,22.525458563535913
162,Di839285889sX391,35,Reward,Adaptation,18.979810154525385
163,Di839285889sX391,36,Reward,Adaptation,22.687397350993376
164,Di839285889sX391,37,Reward,Adaptation,24.49445635359116
165,Di839285889sX391,38,Reward,Adaptation,23.23577016574586
166,Di839285889sX391,39,Reward,Adaptation,28.33358674033149
167,Di839285889sX391,40,Reward,Adaptation,17.48421964679912
168,Di839285889sX391,41,Reward,Washout,19.516647902869757
169,Di839285889sX391,42,Reward,Washout,37.896713812154694
170,Di839285889sX391,43,Reward,Washout,18.544916022099446
171,Di839285889sX391,44,Reward,Washout,17.14098454746137
172,Di839285889sX391,45,Reward,Washout,15.090296132596684
173,Di839285889sX391,46,Reward,Washout,12.526060773480662
174,Di839285889sX391,47,Reward,Washout,13.764645303867404
175,Di839285889sX391,48,Reward,Washout,16.884058563535913
176,Di839285889sX391,49,Reward,Washout,20.37790276243094
177,Di839285889sX391,50,Reward,Washout,17.255355801104972
178,Di839285889sX391,51,Reward,Washout,14.770077348066298
179,Di839285889sX391,52,Reward,Washout,15.109034254143646
180,FV138309651bm4,0,NoReward,Baseline,17.115785635359117
181,FV138309651bm4,1,NoReward,Baseline,14.51612482468443
182,FV138309651bm4,2,NoReward,Baseline,39.66507804232804
183,Hv578899179Yv8,0,NoReward,Baseline,26.19598344370861
184,Hv578899179Yv8,1,NoReward,Baseline,14.85836426592798
185,Hv578899179Yv8,2,NoReward,Baseline,15.64980290205562
186,Hv578899179Yv8,3,NoReward,Baseline,17.280567331670824
187,Hv578899179Yv8,4,NoReward,Baseline,15.543435540069687
188,Hv578899179Yv8,5,NoReward,Baseline,15.300860599078339
189,Hv578899179Yv8,6,NoReward,Baseline,14.593828538550058
190,Hv578899179Yv8,7,NoReward,Baseline,12.00680459770115
191,Hv578899179Yv8,8,NoReward,Baseline,14.920068027210885
192,Hv578899179Yv8,9,NoReward,Baseline,11.943210235131396
193,Hv578899179Yv8,10,NoReward,Baseline,12.767897347174163
194,Hv578899179Yv8,11,NoReward,Baseline,14.607850896860988
195,Hv578899179Yv8,12,NoReward,Baseline,24.027317912218273
196,Hv578899179Yv8,13,NoReward,Baseline,18.024483390607102
197,Hv578899179Yv8,14,NoReward,Baseline,16.55459619952494
198,Io68859918mV642,0,NoReward,Baseline,33.1345
199,Io68859918mV642,1,NoReward,Baseline,24.14658453038674
200,Io68859918mV642,2,NoReward,Baseline,17.306193277310925
201,Io68859918mV642,3,NoReward,Baseline,17.427050828729282
202,Io68859918mV642,4,NoReward,Baseline,30.81028846153846
203,Io68859918mV642,5,NoReward,Baseline,19.39636906077348
204,Io68859918mV642,6,NoReward,Baseline,27.794839580209896
205,Io68859918mV642,7,NoReward,Baseline,17.56141325966851
206,Io68859918mV642,8,NoReward,Baseline,12.836074596774194
207,Io68859918mV642,9,NoReward,Baseline,16.13870074349442
208,Io68859918mV642,10,NoReward,Baseline,20.537916022099445
209,Io68859918mV642,11,NoReward,Baseline,13.805612676056336
210,Io68859918mV642,12,NoReward,Baseline,41.79229050925927
211,Io68859918mV642,13,NoReward,Baseline,24.413388429752064
212,Io68859918mV642,14,NoReward,Baseline,30.78910276243094
213,Io68859918mV642,15,NoReward,Baseline,35.29961104972376
214,Io68859918mV642,16,NoReward,Baseline,41.634829145728645
215,Io68859918mV642,17,NoReward,Baseline,28.820172839506174
216,Io68859918mV642,18,NoReward,Baseline,26.121525423728812
217,Io68859918mV642,19,NoReward,Baseline,43.26009050772627
218,Io68859918mV642,20,NoReward,Adaptation,32.930489502762434
219,Io68859918mV642,21,NoReward,Adaptation,20.304763796909494
220,Io68859918mV642,22,NoReward,Adaptation,9.205026548672565
221,Io68859918mV642,23,NoReward,Adaptation,15.81996842105263
222,Io68859918mV642,25,NoReward,Adaptation,32.460622489959846
223,Io68859918mV642,26,NoReward,Adaptation,26.265118541033434
224,Io68859918mV642,27,NoReward,Adaptation,15.603602836879434
225,L,0,Reward,Baseline,17.208325607064015
226,L,1,Reward,Baseline,14.917346961325967
227,L,2,Reward,Baseline,14.235438674033148
228,L,3,Reward,Baseline,13.691272928176797
229,L,4,Reward,Baseline,16.83620994475138
230,L,5,Reward,Baseline,15.051229834254144
231,L,6,Reward,Baseline,12.233288397790055
232,L,7,Reward,Baseline,13.84913370165746
233,L,8,Reward,Baseline,15.397818687430478
234,L,9,Reward,Baseline,15.873702762430938
235,L,10,Reward,Baseline,18.61434364640884
236,L,11,Reward,Baseline,13.271205524861877
237,L,12,Reward,Baseline,28.364342541436468
238,L,13,Reward,Baseline,25.712383425414366
239,L,14,Reward,Baseline,22.42575165562914
240,L,15,Reward,Baseline,31.448834254143645
241,ML52766852sX612,0,NoReward,Baseline,23.042343991179717
242,ML52766852sX612,1,NoReward,Baseline,48.116979005524854
243,ML52766852sX612,2,NoReward,Baseline,32.662746136865344
244,ML52766852sX612,3,NoReward,Baseline,13.237615469613262
245,ML52766852sX612,4,NoReward,Baseline,16.058927071823206
246,ML52766852sX612,5,NoReward,Baseline,16.036775690607733
247,MY493867256yh257,0,NoReward,Baseline,17.848974613686533
248,MY493867256yh257,1,NoReward,Baseline,17.01293591160221
249,MY493867256yh257,2,NoReward,Baseline,18.477281767955805
250,MY493867256yh257,3,NoReward,Baseline,18.220614364640888
251,MY493867256yh257,4,NoReward,Baseline,25.324914917127074
252,MY493867256yh257,5,NoReward,Baseline,23.35492596685083
253,MY493867256yh257,6,NoReward,Baseline,14.631647513812155
254,MY493867256yh257,7,NoReward,Baseline,13.835649723756905
255,MY493867256yh257,8,NoReward,Baseline,18.185122651933703
256,MY493867256yh257,9,NoReward,Baseline,21.292819889502763
257,MY493867256yh257,10,NoReward,Baseline,19.87487513812155
258,MY493867256yh257,11,NoReward,Baseline,18.251163535911598
259,MY493867256yh257,12,NoReward,Baseline,31.638347682119207
260,MY493867256yh257,13,NoReward,Baseline,30.458132596685083
261,MY493867256yh257,14,NoReward,Baseline,28.28433038674033
262,MY493867256yh257,15,NoReward,Baseline,25.045109392265193
263,MY493867256yh257,16,NoReward,Baseline,24.17710718232044
264,MY493867256yh257,17,NoReward,Baseline,24.7689646799117
265,MY493867256yh257,18,NoReward,Baseline,21.241117127071824
266,MY493867256yh257,19,NoReward,Baseline,38.11304304635762
267,MY493867256yh257,20,NoReward,Adaptation,34.32703535911602
268,MY493867256yh257,21,NoReward,Adaptation,27.913719337016573
269,MY493867256yh257,22,NoReward,Adaptation,22.399356906077347
270,MY493867256yh257,23,NoReward,Adaptation,22.24447403314917
271,MY493867256yh257,24,NoReward,Adaptation,31.874391160221
272,MY493867256yh257,25,NoReward,Adaptation,21.67298342541437
273,MY493867256yh257,26,NoReward,Adaptation,22.27766629834254
274,MY493867256yh257,27,NoReward,Adaptation,23.230200883002208
275,MY493867256yh257,28,NoReward,Adaptation,23.857915011037527
276,MY493867256yh257,29,NoReward,Adaptation,34.50320247469067
277,MY493867256yh257,30,NoReward,Adaptation,26.100060773480664
278,MY493867256yh257,31,NoReward,Adaptation,27.151339226519337
279,MY493867256yh257,32,NoReward,Adaptation,27.49627182320442
280,MY493867256yh257,33,NoReward,Adaptation,26.63542825607064
281,MY493867256yh257,34,NoReward,Adaptation,25.38692928176796
282,MY493867256yh257,35,NoReward,Adaptation,21.22599005524862
283,MY493867256yh257,36,NoReward,Adaptation,29.63051049723757
284,MY493867256yh257,37,NoReward,Adaptation,29.726915011037526
285,MY493867256yh257,38,NoReward,Adaptation,22.237449723756907
286,MY493867256yh257,39,NoReward,Adaptation,34.099786740331496
287,MY493867256yh257,40,NoReward,Adaptation,26.649539130434782
288,MY493867256yh257,41,NoReward,Washout,27.394691712707182
289,MY493867256yh257,42,NoReward,Washout,19.13682983425414
290,MY493867256yh257,43,NoReward,Washout,16.441161325966853
291,MY493867256yh257,44,NoReward,Washout,15.45372596685083
292,MY493867256yh257,45,NoReward,Washout,14.012708287292817
293,MY493867256yh257,46,NoReward,Washout,12.947214364640883
294,MY493867256yh257,47,NoReward,Washout,16.381571270718233
295,MY493867256yh257,48,NoReward,Washout,12.812072928176795
296,MY493867256yh257,49,NoReward,Washout,14.353398895027624
297,MY493867256yh257,50,NoReward,Washout,14.960608839779004
298,MY493867256yh257,51,NoReward,Washout,15.348814364640885
299,MY493867256yh257,52,NoReward,Washout,19.98374364640884
300,N,0,Reward,Baseline,14.03733591160221
301,N,1,Reward,Baseline,20.099451827242518
302,N,3,Reward,Baseline,43.56219741935484
303,N,4,Reward,Baseline,33.642955801104975
304,N,5,Reward,Baseline,60.05005966850829
305,N,6,Reward,Baseline,27.56582099447514
306,N,7,Reward,Baseline,21.245360220994478
307,N,8,Reward,Baseline,30.598620994475137
308,N,9,Reward,Baseline,25.759770419426047
309,NN0891521Nv932,0,Reward,Baseline,32.48114238410596
310,NN0891521Nv932,1,Reward,Baseline,24.939539074960127
311,NN0891521Nv932,2,Reward,Baseline,17.97727994011976
312,NN0891521Nv932,3,Reward,Baseline,29.72623108384458
313,NN0891521Nv932,4,Reward,Baseline,39.210755932203384
314,NN0891521Nv932,5,Reward,Baseline,32.74635220994475
315,NN0891521Nv932,6,Reward,Baseline,33.769152416356874
316,NRNFMMM589968,0,NoReward,Baseline,22.093264900662252
317,NRNFMMM589968,1,NoReward,Baseline,20.04765887850467
318,NRNFMMM589968,2,NoReward,Baseline,19.627585480093675
319,NRNFMMM589968,3,NoReward,Baseline,12.196431302270012
320,NRNFMMM589968,4,NoReward,Baseline,16.45566435986159
321,NRNFMMM589968,5,NoReward,Baseline,10.39832723112128
322,NRNFMMM589968,6,NoReward,Baseline,15.635816546762591
323,NRNFMMM589968,7,NoReward,Baseline,14.765247933884297
324,NRNFMMM589968,9,NoReward,Baseline,21.164087196467992
325,PS940208551QF590,0,Reward,Baseline,19.45194812362031
326,PS940208551QF590,1,Reward,Baseline,13.814214046822741
327,PS940208551QF590,2,Reward,Baseline,10.934567955801105
328,PS940208551QF590,3,Reward,Baseline,10.669275555555556
329,PS940208551QF590,4,Reward,Baseline,12.848672203765227
330,PS940208551QF590,5,Reward,Baseline,11.481164261931188
331,PS940208551QF590,6,Reward,Baseline,12.55885231116122
332,PS940208551QF590,7,Reward,Baseline,11.09500773480663
333,PS940208551QF590,8,Reward,Baseline,11.171039779005524
334,PS940208551QF590,9,Reward,Baseline,11.98856384180791
335,PS940208551QF590,10,Reward,Baseline,14.062314444444443
336,PS940208551QF590,11,Reward,Baseline,16.75198115299335
337,PS940208551QF590,12,Reward,Baseline,34.74850939226519
338,PS940208551QF590,13,Reward,Baseline,21.978775555555558
339,PS940208551QF590,14,Reward,Baseline,21.80003867403315
340,PS940208551QF590,15,Reward,Baseline,21.151413525498892
341,PS940208551QF590,16,Reward,Baseline,21.911445303867403
342,PS940208551QF590,17,Reward,Baseline,15.090031638418079
343,PS940208551QF590,18,Reward,Baseline,15.883688124306326
344,PS940208551QF590,19,Reward,Baseline,13.25962122905028
345,PS940208551QF590,20,Reward,Adaptation,24.616873893805312
346,PS940208551QF590,21,Reward,Adaptation,12.596531491712708
347,PS940208551QF590,22,Reward,Adaptation,16.19446128318584
348,PS940208551QF590,23,Reward,Adaptation,19.714774585635357
349,PS940208551QF590,24,Reward,Adaptation,27.367402439024392
350,PS940208551QF590,25,Reward,Adaptation,14.159880662983426
351,PS940208551QF590,26,Reward,Adaptation,20.08926216814159
352,PS940208551QF590,27,Reward,Adaptation,17.887074279379156
353,PS940208551QF590,28,Reward,Adaptation,17.968835359116024
354,PS940208551QF590,29,Reward,Adaptation,16.74572757475083
355,PS940208551QF590,30,Reward,Adaptation,15.4525869324474
356,PS940208551QF590,31,Reward,Adaptation,16.368393370165748
357,PS940208551QF590,32,Reward,Adaptation,15.328592469545956
358,PS940208551QF590,33,Reward,Adaptation,17.914335911602212
359,PS940208551QF590,34,Reward,Adaptation,24.619554817275745
360,PS940208551QF590,35,Reward,Adaptation,14.931107777777777
361,PS940208551QF590,36,Reward,Adaptation,16.326023255813954
362,PS940208551QF590,37,Reward,Adaptation,15.138648558758312
363,PS940208551QF590,38,Reward,Adaptation,23.393313812154698
364,PS940208551QF590,39,Reward,Adaptation,15.907720132743362
365,PS940208551QF590,40,Reward,Adaptation,14.806315294117645
366,PS940208551QF590,41,Reward,Washout,16.742429834254146
367,PS940208551QF590,42,Reward,Washout,13.112358490566038
368,PS940208551QF590,43,Reward,Washout,11.877253038674034
369,PS940208551QF590,44,Reward,Washout,15.590509955752212
370,PS940208551QF590,45,Reward,Washout,9.507001108647449
371,PS940208551QF590,46,Reward,Washout,10.566624309392266
372,PS940208551QF590,47,Reward,Washout,13.524351501668521
373,PS940208551QF590,48,Reward,Washout,16.65353149171271
374,PS940208551QF590,49,Reward,Washout,18.657280487804876
375,PS940208551QF590,50,Reward,Washout,12.422702222222224
376,PS940208551QF590,51,Reward,Washout,16.256846238938053
377,PS940208551QF590,52,Reward,Washout,10.241611049723756
378,QJ690773638qD178,0,NoReward,Baseline,15.184401766004417
379,QJ690773638qD178,1,NoReward,Baseline,17.81644535840188
380,QJ690773638qD178,2,NoReward,Baseline,13.184603644646925
381,QJ690773638qD178,3,NoReward,Baseline,16.09203751465416
382,QJ690773638qD178,4,NoReward,Baseline,19.398267058823528
383,QJ690773638qD178,5,NoReward,Baseline,17.416560919540228
384,QJ690773638qD178,7,NoReward,Baseline,51.00195690607734
385,QJ690773638qD178,9,NoReward,Baseline,52.37432476635513
386,QP455728348hT169,0,NoReward,Baseline,15.331704520396913
387,QP455728348hT169,1,NoReward,Baseline,11.872910151691947
388,QP455728348hT169,2,NoReward,Baseline,12.500240418118468
389,QP455728348hT169,3,NoReward,Baseline,11.350469575200918
390,QP455728348hT169,4,NoReward,Baseline,10.19269540229885
391,QP455728348hT169,5,NoReward,Baseline,8.935285714285712
392,QP455728348hT169,6,NoReward,Baseline,9.16492281105991
393,QP455728348hT169,7,NoReward,Baseline,12.303864618885097
394,QP455728348hT169,8,NoReward,Baseline,10.19472881355932
395,QP455728348hT169,9,NoReward,Baseline,8.929912689173456
396,QP455728348hT169,10,NoReward,Baseline,8.637326061997703
397,QP455728348hT169,11,NoReward,Baseline,8.91944083526682
398,QP455728348hT169,12,NoReward,Baseline,32.944288939051916
399,QP455728348hT169,13,NoReward,Baseline,16.65371118721461
400,QP455728348hT169,14,NoReward,Baseline,16.628283936651584
401,QP455728348hT169,15,NoReward,Baseline,10.40885598141696
402,QP455728348hT169,16,NoReward,Baseline,12.508027241770716
403,QP455728348hT169,17,NoReward,Baseline,15.140834285714288
404,QP455728348hT169,18,NoReward,Baseline,17.31262844036697
405,QP455728348hT169,19,NoReward,Baseline,12.802736063708759
406,QP455728348hT169,20,NoReward,Adaptation,10.566998859749145
407,QP455728348hT169,21,NoReward,Adaptation,10.835801569506726
408,QP455728348hT169,22,NoReward,Adaptation,12.776027093596062
409,QP455728348hT169,23,NoReward,Adaptation,22.967055618615213
410,QP455728348hT169,24,NoReward,Adaptation,22.961198850574714
411,QP455728348hT169,25,NoReward,Adaptation,9.482340571428571
412,QP455728348hT169,26,NoReward,Adaptation,11.588358916478555
413,QP455728348hT169,27,NoReward,Adaptation,9.364157963446475
414,QP455728348hT169,28,NoReward,Adaptation,22.76100110864745
415,QP455728348hT169,29,NoReward,Adaptation,12.58917033603708
416,QP455728348hT169,31,NoReward,Adaptation,13.770380110497237
417,QP455728348hT169,32,NoReward,Adaptation,9.093825142857142
418,QP455728348hT169,33,NoReward,Adaptation,10.883383295194507
419,QP455728348hT169,34,NoReward,Adaptation,12.872661016949152
420,QP455728348hT169,35,NoReward,Adaptation,13.320079768786126
421,QP455728348hT169,36,NoReward,Adaptation,12.555586833144156
422,QP455728348hT169,37,NoReward,Adaptation,12.546657142857141
423,QP455728348hT169,38,NoReward,Adaptation,13.027715596330275
424,QP455728348hT169,39,NoReward,Adaptation,69.87371151653363
425,QP455728348hT169,40,NoReward,Adaptation,14.248048752834467
426,QP455728348hT169,41,NoReward,Washout,16.594097505668937
427,QP455728348hT169,42,NoReward,Washout,12.796487889273356
428,QP455728348hT169,43,NoReward,Washout,8.939506271379704
429,QP455728348hT169,44,NoReward,Washout,13.580485582468281
430,QP455728348hT169,45,NoReward,Washout,6.515483198146002
431,QP455728348hT169,46,NoReward,Washout,10.63134584755404
432,QP455728348hT169,47,NoReward,Washout,10.172819727891156
433,QP455728348hT169,48,NoReward,Washout,7.441487414187643
434,QP455728348hT169,49,NoReward,Washout,10.449231917336396
435,QP455728348hT169,50,NoReward,Washout,10.4164942791762
436,QP455728348hT169,51,NoReward,Washout,9.273252559726963
437,QP455728348hT169,52,NoReward,Washout,8.946985294117649
438,QP455728348hT169,53,NoReward,Washout,8.731426347305389
439,UJ22372929Ma480,0,NoReward,Baseline,20.09093046357616
440,XY13546991Od507,0,NoReward,Baseline,29.2370408388521
441,XY13546991Od507,1,NoReward,Baseline,18.372955801104975
442,XY13546991Od507,2,NoReward,Baseline,25.650453038674033
443,XY13546991Od507,3,NoReward,Baseline,21.460209944751384
444,XY13546991Od507,4,NoReward,Baseline,18.798773480662984
445,XY13546991Od507,5,NoReward,Baseline,21.684711602209944
446,XY13546991Od507,6,NoReward,Baseline,18.769130386740333
447,XY13546991Od507,7,NoReward,Baseline,20.08601986754967
448,XY13546991Od507,8,NoReward,Baseline,25.601530386740333
449,XY13546991Od507,9,NoReward,Baseline,18.29235359116022
450,XY13546991Od507,10,NoReward,Baseline,17.742738121546964
451,XY13546991Od507,11,NoReward,Baseline,15.832719337016576
452,XY13546991Od507,12,NoReward,Baseline,42.78102538631347
453,XY13546991Od507,13,NoReward,Baseline,44.14417900552487
454,XY13546991Od507,14,NoReward,Baseline,43.08019005524862
455,XY13546991Od507,15,NoReward,Baseline,46.41822099447514
456,XY13546991Od507,16,NoReward,Baseline,40.097467403314916
457,XY13546991Od507,17,NoReward,Baseline,44.679016574585646
458,XY13546991Od507,18,NoReward,Baseline,46.462660773480664
459,XY13546991Od507,19,NoReward,Baseline,27.148839779005527
460,XY13546991Od507,20,NoReward,Adaptation,36.35485414364641
461,XY13546991Od507,21,NoReward,Adaptation,34.740875138121545
462,XY13546991Od507,22,NoReward,Adaptation,33.45990949227374
463,XY13546991Od507,23,NoReward,Adaptation,34.021244198895026
464,XY13546991Od507,24,NoReward,Adaptation,27.514545856353596
465,XY13546991Od507,25,NoReward,Adaptation,40.38990838852097
466,XY13546991Od507,26,NoReward,Adaptation,46.79309060773481
467,XY13546991Od507,27,NoReward,Adaptation,45.19285414364641
468,XY13546991Od507,28,NoReward,Adaptation,35.91742983425415
469,XY13546991Od507,29,NoReward,Adaptation,31.08489183222958
470,XY13546991Od507,30,NoReward,Adaptation,38.89630165745857
471,XY13546991Od507,31,NoReward,Adaptation,35.822229834254145
472,XY13546991Od507,32,NoReward,Adaptation,51.6886541436464
473,XY13546991Od507,33,NoReward,Adaptation,37.78797130242826
474,XY13546991Od507,34,NoReward,Adaptation,47.23039845474614
475,XY13546991Od507,35,NoReward,Adaptation,41.891333701657466
476,XY13546991Od507,36,NoReward,Adaptation,37.563352486187846
477,XY13546991Od507,37,NoReward,Adaptation,37.12041546961326
478,XY13546991Od507,38,NoReward,Adaptation,39.914202209944754
479,XY13546991Od507,39,NoReward,Adaptation,45.80313259668508
480,XY13546991Od507,40,NoReward,Adaptation,37.443219646799115
481,XY13546991Od507,41,NoReward,Washout,34.23763867403315
482,XY13546991Od507,42,NoReward,Washout,24.154826519337014
483,XY13546991Od507,43,NoReward,Washout,19.855344751381217
484,XY13546991Od507,44,NoReward,Washout,23.878993370165748
485,XY13546991Od507,45,NoReward,Washout,17.966617679558013
486,XY13546991Od507,46,NoReward,Washout,18.190308287292815
487,XY13546991Od507,47,NoReward,Washout,14.867541942604857
488,XY13546991Od507,48,NoReward,Washout,17.182681767955803
489,XY13546991Od507,49,NoReward,Washout,17.506251933701655
490,XY13546991Od507,50,NoReward,Washout,18.295448123620307
491,XY13546991Od507,51,NoReward,Washout,14.689771270718232
492,XY13546991Od507,52,NoReward,Washout,18.954937016574586
493,Y,1,Reward,Baseline,18.636739514348783
494,Y,2,Reward,Baseline,15.19830718232044
495,Y,3,Reward,Baseline,20.06647403314917
496,YY,0,Reward,Baseline,43.693191160221
497,YY,1,Reward,Baseline,30.134226519337016
498,YY,2,Reward,Baseline,22.022828729281766
499,YY,3,Reward,Baseline,31.60441657458563
500,YY,4,Reward,Baseline,43.50406629834255
501,YY,5,Reward,Baseline,28.19712044198895
502,YY,6,Reward,Baseline,29.005687882496936
503,YY,7,Reward,Baseline,37.2295761589404
504,YY,8,Reward,Baseline,37.363026755852836
505,YY,9,Reward,Baseline,27.092412154696135
506,YY,10,Reward,Baseline,29.258226269315674
507,YY,12,Reward,Baseline,33.626158011049725
508,YY,13,Reward,Baseline,35.812553591160224
509,YY,14,Reward,Baseline,43.79214696132596
510,YY,15,Reward,Baseline,45.42506298342541
511,YY,16,Reward,Baseline,36.47772044198895
512,YY,17,Reward,Baseline,35.25483867403315
513,YY,18,Reward,Baseline,38.34910165745857
514,YY,19,Reward,Baseline,46.72788950276243
515,YY,20,Reward,Adaptation,40.52452154696133
516,YY,21,Reward,Adaptation,45.31974143646409
517,YY,22,Reward,Adaptation,48.16469613259669
518,YY,23,Reward,Adaptation,35.71692052980132
519,YY,24,Reward,Adaptation,37.71012215320911
520,aF209494490is200,0,Reward,Baseline,23.195594922737307
521,aF209494490is200,1,Reward,Baseline,22.67596433666191
522,au767914152zI57,0,NoReward,Baseline,17.33769426048565
523,au767914152zI57,1,NoReward,Baseline,16.506097859327216
524,au767914152zI57,2,NoReward,Baseline,13.449391966759002
525,au767914152zI57,3,NoReward,Baseline,22.331272380952385
526,au767914152zI57,4,NoReward,Baseline,13.855283783783785
527,au767914152zI57,5,NoReward,Baseline,12.877241610738256
528,au767914152zI57,6,NoReward,Baseline,15.608777108433735
529,au767914152zI57,7,NoReward,Baseline,15.765731770833336
530,au767914152zI57,8,NoReward,Baseline,20.420453781512606
531,au767914152zI57,9,NoReward,Baseline,14.712637569060771
532,au767914152zI57,10,NoReward,Baseline,14.906173482032218
533,au767914152zI57,11,NoReward,Baseline,18.060617486338796
534,au767914152zI57,12,NoReward,Baseline,44.38588397790056
535,au767914152zI57,13,NoReward,Baseline,17.371217329545455
536,au767914152zI57,14,NoReward,Baseline,37.23124354657688
537,au767914152zI57,15,NoReward,Baseline,24.718696629213483
538,au767914152zI57,16,NoReward,Baseline,23.155495877502943
539,au767914152zI57,17,NoReward,Baseline,19.912423634336676
540,au767914152zI57,18,NoReward,Baseline,19.8830496054115
541,au767914152zI57,19,NoReward,Baseline,19.568286266924567
542,au767914152zI57,20,NoReward,Adaptation,20.99145977011494
543,au767914152zI57,21,NoReward,Adaptation,28.19386850828729
544,au767914152zI57,22,NoReward,Adaptation,18.648814898419865
545,au767914152zI57,23,NoReward,Adaptation,21.64061546961326
546,au767914152zI57,24,NoReward,Adaptation,13.454563775510206
547,au767914152zI57,25,NoReward,Adaptation,16.145500000000002
548,au767914152zI57,26,NoReward,Adaptation,14.910535175879398
549,au767914152zI57,27,NoReward,Adaptation,22.477400977995114
550,au767914152zI57,28,NoReward,Adaptation,23.30777922077922
551,au767914152zI57,29,NoReward,Adaptation,19.69952277904328
552,au767914152zI57,30,NoReward,Adaptation,27.54892840375587
553,au767914152zI57,31,NoReward,Adaptation,13.868762820512819
554,au767914152zI57,32,NoReward,Adaptation,14.446340144230769
555,au767914152zI57,33,NoReward,Adaptation,21.78603457106274
556,au767914152zI57,34,NoReward,Adaptation,24.761934052757795
557,au767914152zI57,35,NoReward,Adaptation,16.86908077360637
558,au767914152zI57,36,NoReward,Adaptation,14.024425414364641
559,au767914152zI57,37,NoReward,Adaptation,16.382607021517554
560,au767914152zI57,38,NoReward,Adaptation,13.639084337349399
561,au767914152zI57,39,NoReward,Adaptation,13.797143391521198
562,au767914152zI57,40,NoReward,Adaptation,17.132409669211196
563,au767914152zI57,41,NoReward,Washout,18.162436926605505
564,au767914152zI57,42,NoReward,Washout,17.309216326530613
565,au767914152zI57,43,NoReward,Washout,11.119737209302327
566,au767914152zI57,44,NoReward,Washout,14.950477348066299
567,au767914152zI57,45,NoReward,Washout,16.460329621380847
568,au767914152zI57,46,NoReward,Washout,11.891910596026491
569,au767914152zI57,47,NoReward,Washout,14.55805875440658
570,au767914152zI57,48,NoReward,Washout,18.622808839779005
571,au767914152zI57,49,NoReward,Washout,17.910097237569058
572,au767914152zI57,50,NoReward,Washout,16.382069613259667
573,au767914152zI57,51,NoReward,Washout,17.652545856353594
574,au767914152zI57,52,NoReward,Washout,14.776071743929359
575,av821962704Np731,0,NoReward,Baseline,47.11295253863135
576,bK159349224Ky792,0,Reward,Baseline,31.609504415011042
577,bK159349224Ky792,1,Reward,Baseline,22.613944
578,bK159349224Ky792,2,Reward,Baseline,34.06494371257485
579,bK159349224Ky792,3,Reward,Baseline,21.71868525402726
580,bK159349224Ky792,4,Reward,Baseline,21.643798439531857
581,bK159349224Ky792,6,Reward,Baseline,71.4100044198895
582,gM483721559mr614,0,Reward,Baseline,37.03993708609271
583,gM483721559mr614,1,Reward,Baseline,37.90642597402597
584,iA94696354Ww734,0,NoReward,Baseline,20.373997792494485
585,iA94696354Ww734,1,NoReward,Baseline,20.379871823204418
586,iA94696354Ww734,2,NoReward,Baseline,28.36977900552486
587,iA94696354Ww734,3,NoReward,Baseline,17.71760552486188
588,iA94696354Ww734,4,NoReward,Baseline,17.804779005524864
589,iA94696354Ww734,5,NoReward,Baseline,22.89779668508287
590,iA94696354Ww734,6,NoReward,Baseline,23.26345082872928
591,iA94696354Ww734,7,NoReward,Baseline,11.06774143646409
592,iA94696354Ww734,8,NoReward,Baseline,14.504603314917127
593,iA94696354Ww734,9,NoReward,Baseline,18.2388773480663
594,iA94696354Ww734,10,NoReward,Baseline,11.12115138121547
595,iA94696354Ww734,11,NoReward,Baseline,14.616993377483443
596,iA94696354Ww734,12,NoReward,Baseline,50.39868839779006
597,iA94696354Ww734,13,NoReward,Baseline,30.262345856353594
598,iA94696354Ww734,14,NoReward,Baseline,37.73142099447514
599,iA94696354Ww734,15,NoReward,Baseline,20.018198895027627
600,iA94696354Ww734,16,NoReward,Baseline,27.05996357615894
601,iA94696354Ww734,17,NoReward,Baseline,22.68289502762431
602,iA94696354Ww734,18,NoReward,Baseline,25.570478453038675
603,iA94696354Ww734,19,NoReward,Baseline,19.795433149171274
604,iA94696354Ww734,20,NoReward,Adaptation,17.95999447513812
605,iA94696354Ww734,21,NoReward,Adaptation,30.682575690607734
606,iA94696354Ww734,22,NoReward,Adaptation,23.737550276243095
607,iA94696354Ww734,23,NoReward,Adaptation,19.61961767955801
608,iA94696354Ww734,24,NoReward,Adaptation,18.629082781456955
609,iA94696354Ww734,25,NoReward,Adaptation,22.96928508287293
610,iA94696354Ww734,26,NoReward,Adaptation,22.90239226519337
611,iA94696354Ww734,27,NoReward,Adaptation,17.151293922651934
612,iA94696354Ww734,28,NoReward,Adaptation,22.02578453038674
613,iA94696354Ww734,29,NoReward,Adaptation,44.3513546961326
614,iA94696354Ww734,30,NoReward,Adaptation,39.42313370165746
615,iA94696354Ww734,31,NoReward,Adaptation,48.46872185430464
616,iA94696354Ww734,32,NoReward,Adaptation,24.703556906077345
617,iA94696354Ww734,33,NoReward,Adaptation,16.28106850828729
618,iA94696354Ww734,34,NoReward,Adaptation,19.36814696132597
619,iA94696354Ww734,35,NoReward,Adaptation,20.355138121546965
620,iA94696354Ww734,36,NoReward,Adaptation,24.54661325966851
621,iA94696354Ww734,37,NoReward,Adaptation,24.529279558011048
622,iA94696354Ww734,38,NoReward,Adaptation,32.043835359116024
623,iA94696354Ww734,39,NoReward,Adaptation,17.1996729281768
624,iA94696354Ww734,40,NoReward,Adaptation,27.206411049723755
625,iA94696354Ww734,41,NoReward,Washout,23.360175690607733
626,iA94696354Ww734,42,NoReward,Washout,21.16461767955801
627,iA94696354Ww734,43,NoReward,Washout,13.74478232044199
628,iA94696354Ww734,44,NoReward,Washout,15.654239779005524
629,iA94696354Ww734,45,NoReward,Washout,12.979500552486188
630,iA94696354Ww734,46,NoReward,Washout,11.56900994475138
631,iA94696354Ww734,47,NoReward,Washout,15.955220994475141
632,iA94696354Ww734,48,NoReward,Washout,16.07234143646409
633,iA94696354Ww734,49,NoReward,Washout,13.793792265193371
634,iA94696354Ww734,50,NoReward,Washout,12.890560220994475
635,iA94696354Ww734,51,NoReward,Washout,8.759212154696131
636,iA94696354Ww734,52,NoReward,Washout,14.207396685082877
637,jh809396928Su223,0,Reward,Baseline,42.686990066225164
638,jh809396928Su223,1,Reward,Baseline,37.74325307950728
639,jh809396928Su223,2,Reward,Baseline,25.546867109634547
640,jh809396928Su223,3,Reward,Baseline,23.22491843575419
641,jh809396928Su223,4,Reward,Baseline,22.89887764182425
642,jh809396928Su223,5,Reward,Baseline,17.81983964365256
643,jh809396928Su223,6,Reward,Baseline,20.77958361018826
644,jh809396928Su223,7,Reward,Baseline,16.762943396226415
645,jh809396928Su223,8,Reward,Baseline,16.852402654867255
646,jh809396928Su223,9,Reward,Baseline,17.352853957636565
647,jh809396928Su223,10,Reward,Baseline,17.92361086474501
648,jh809396928Su223,11,Reward,Baseline,19.290489432703005
649,jh809396928Su223,12,Reward,Baseline,31.064242524916946
650,jh809396928Su223,13,Reward,Baseline,48.87972483221477
651,jh809396928Su223,14,Reward,Baseline,34.71615894039735
652,jh809396928Su223,15,Reward,Baseline,33.7616482300885
653,jh809396928Su223,16,Reward,Baseline,39.78530266075388
654,kL32782760pb805,0,Reward,Baseline,15.354048565121413
655,kL32782760pb805,1,Reward,Baseline,11.626140732265446
656,kL32782760pb805,2,Reward,Baseline,12.093222099447514
657,kL32782760pb805,3,Reward,Baseline,8.09021767955801
658,kL32782760pb805,4,Reward,Baseline,7.715386740331491
659,kL32782760pb805,5,Reward,Baseline,10.592584530386741
660,kL32782760pb805,6,Reward,Baseline,10.166504415011039
661,kL32782760pb805,7,Reward,Baseline,8.055337016574585
662,kL32782760pb805,8,Reward,Baseline,8.162643093922652
663,kL32782760pb805,9,Reward,Baseline,7.8808207831325285
664,kL32782760pb805,10,Reward,Baseline,9.399020994475139
665,kL32782760pb805,11,Reward,Baseline,7.868845303867403
666,kL32782760pb805,12,Reward,Baseline,18.163208839779003
667,kL32782760pb805,13,Reward,Baseline,10.920693922651934
668,kL32782760pb805,14,Reward,Baseline,11.488524282560707
669,kL32782760pb805,15,Reward,Baseline,16.214657458563536
670,kL32782760pb805,16,Reward,Baseline,12.286276243093921
671,kL32782760pb805,17,Reward,Baseline,9.147554696132596
672,kL32782760pb805,18,Reward,Baseline,12.958865193370167
673,kL32782760pb805,19,Reward,Baseline,15.1891591160221
674,kL32782760pb805,20,Reward,Adaptation,11.543476243093922
675,kL32782760pb805,21,Reward,Adaptation,14.796921546961325
676,kL32782760pb805,22,Reward,Adaptation,16.560729281767955
677,kL32782760pb805,23,Reward,Adaptation,12.222670718232044
678,kL32782760pb805,24,Reward,Adaptation,14.30188962472406
679,kL32782760pb805,25,Reward,Adaptation,16.475581215469614
680,kL32782760pb805,26,Reward,Adaptation,13.933112707182321
681,kL32782760pb805,27,Reward,Adaptation,14.040449723756906
682,kL32782760pb805,28,Reward,Adaptation,13.48642762430939
683,kL32782760pb805,29,Reward,Adaptation,14.215419889502762
684,kL32782760pb805,30,Reward,Adaptation,19.017297237569064
685,kL32782760pb805,31,Reward,Adaptation,14.900465193370165
686,kL32782760pb805,32,Reward,Adaptation,12.88502320441989
687,kL32782760pb805,33,Reward,Adaptation,13.256330386740332
688,kL32782760pb805,34,Reward,Adaptation,11.413286187845305
689,kL32782760pb805,35,Reward,Adaptation,11.454137016574588
690,kL32782760pb805,36,Reward,Adaptation,13.660036464088398
691,kL32782760pb805,37,Reward,Adaptation,11.73942872928177
692,kL32782760pb805,38,Reward,Adaptation,12.250822099447513
693,kL32782760pb805,39,Reward,Adaptation,11.58654364640884
694,kL32782760pb805,40,Reward,Adaptation,12.033562430939226
695,kL32782760pb805,41,Reward,Washout,11.27032229580574
696,kL32782760pb805,42,Reward,Washout,10.394397350993378
697,kL32782760pb805,43,Reward,Washout,8.449497243660419
698,kL32782760pb805,44,Reward,Washout,8.842860773480663
699,kL32782760pb805,45,Reward,Washout,8.516045253863135
700,kL32782760pb805,46,Reward,Washout,8.76183093922652
701,kL32782760pb805,47,Reward,Washout,9.372803314917126
702,kL32782760pb805,48,Reward,Washout,9.928170165745856
703,kL32782760pb805,49,Reward,Washout,8.110898454746138
704,kL32782760pb805,50,Reward,Washout,6.579455248618785
705,kL32782760pb805,51,Reward,Washout,8.456761589403973
706,kL32782760pb805,52,Reward,Washout,9.018828729281768
707,nN48787345GM446,0,Reward,Baseline,21.004709713024283
708,nN48787345GM446,1,Reward,Baseline,32.640140331491715
709,nN48787345GM446,2,Reward,Baseline,19.664387845303867
710,nN48787345GM446,3,Reward,Baseline,18.62683314917127
711,nN48787345GM446,4,Reward,Baseline,19.080530386740328
712,nP891515195hB675,0,Reward,Baseline,23.855878587196468
713,nP891515195hB675,1,Reward,Baseline,25.75686868686869
714,nP891515195hB675,2,Reward,Baseline,25.57052817679558
715,nP891515195hB675,3,Reward,Baseline,26.852150655021834
716,pU265328919tM703,0,Reward,Baseline,22.74407284768212
717,pU265328919tM703,1,Reward,Baseline,18.43368729281768
718,pU265328919tM703,2,Reward,Baseline,15.46535690607735
719,pU265328919tM703,3,Reward,Baseline,11.188548066298342
720,pU265328919tM703,4,Reward,Baseline,11.14959161147903
721,pU265328919tM703,5,Reward,Baseline,14.295133701657461
722,pV715326977Ci92,0,NoReward,Baseline,27.705525386313465
723,pV715326977Ci92,1,NoReward,Baseline,14.558433486238531
724,pV715326977Ci92,2,NoReward,Baseline,24.437563053097346
725,pV715326977Ci92,3,NoReward,Baseline,15.617318485523384
726,pV715326977Ci92,4,NoReward,Baseline,16.340140468227425
727,pV715326977Ci92,5,NoReward,Baseline,14.201073660714286
728,pV715326977Ci92,6,NoReward,Baseline,15.104484983314794
729,pV715326977Ci92,7,NoReward,Baseline,15.693770601336304
730,pV715326977Ci92,8,NoReward,Baseline,13.507908287292818
731,pV715326977Ci92,9,NoReward,Baseline,15.498521836506157
732,pV715326977Ci92,10,NoReward,Baseline,19.35987485779295
733,pV715326977Ci92,11,NoReward,Baseline,14.811787139689578
734,pV715326977Ci92,12,NoReward,Baseline,39.48176640711901
735,pV715326977Ci92,13,NoReward,Baseline,17.972503348214286
736,pV715326977Ci92,14,NoReward,Baseline,19.080697003329632
737,pV715326977Ci92,15,NoReward,Baseline,19.96108908685969
738,pV715326977Ci92,16,NoReward,Baseline,19.044478405315612
739,pV715326977Ci92,17,NoReward,Baseline,41.16761599099099
740,pV715326977Ci92,18,NoReward,Baseline,19.798965745856353
741,pV715326977Ci92,19,NoReward,Baseline,18.12930178173719
742,pV715326977Ci92,20,NoReward,Adaptation,37.955291111111116
743,pV715326977Ci92,21,NoReward,Adaptation,22.239747497219135
744,pV715326977Ci92,22,NoReward,Adaptation,18.133515837104074
745,pV715326977Ci92,23,NoReward,Adaptation,19.99118464961068
746,pV715326977Ci92,24,NoReward,Adaptation,20.178601104972376
747,pV715326977Ci92,25,NoReward,Adaptation,20.35520316027088
748,pV715326977Ci92,26,NoReward,Adaptation,22.661353794642856
749,pV715326977Ci92,27,NoReward,Adaptation,18.4736829810901
750,pV715326977Ci92,28,NoReward,Adaptation,14.386768715083798
751,pV715326977Ci92,29,NoReward,Adaptation,31.713759280089988
752,pV715326977Ci92,30,NoReward,Adaptation,20.339601769911503
753,pV715326977Ci92,31,NoReward,Adaptation,20.659845726970033
754,pV715326977Ci92,32,NoReward,Adaptation,48.81716017797553
755,pV715326977Ci92,33,NoReward,Adaptation,22.98948160535117
756,pV715326977Ci92,34,NoReward,Adaptation,16.46372969837587
757,pV715326977Ci92,35,NoReward,Adaptation,15.944975418994412
758,pV715326977Ci92,36,NoReward,Adaptation,15.454779510022272
759,pV715326977Ci92,37,NoReward,Adaptation,20.440084726867337
760,pV715326977Ci92,38,NoReward,Adaptation,22.385388888888887
761,pV715326977Ci92,39,NoReward,Adaptation,17.7435005574136
762,pV715326977Ci92,40,NoReward,Adaptation,18.24198123620309
763,pV715326977Ci92,41,NoReward,Washout,16.551713318284424
764,pV715326977Ci92,42,NoReward,Washout,26.42036312849162
765,pV715326977Ci92,43,NoReward,Washout,21.043885682574913
766,pV715326977Ci92,44,NoReward,Washout,20.053924695459582
767,pV715326977Ci92,45,NoReward,Washout,15.53758888888889
768,pV715326977Ci92,46,NoReward,Washout,18.73312680756396
769,pV715326977Ci92,47,NoReward,Washout,19.598227932960892
770,pV715326977Ci92,48,NoReward,Washout,15.592527839643653
771,pV715326977Ci92,49,NoReward,Washout,16.74427120535714
772,pV715326977Ci92,50,NoReward,Washout,16.71679779005525
773,pV715326977Ci92,51,NoReward,Washout,13.426634336677818
774,pV715326977Ci92,52,NoReward,Washout,16.12500111111111
775,qX523123508pL71,0,Reward,Baseline,30.681384105960262
776,qX523123508pL71,1,Reward,Baseline,20.359467403314916
777,qX523123508pL71,2,Reward,Baseline,23.216260935143286
778,qX523123508pL71,3,Reward,Baseline,16.15099779005525
779,qX523123508pL71,4,Reward,Baseline,17.282993421052634
780,qX523123508pL71,5,Reward,Baseline,19.248121546961325
781,qX523123508pL71,6,Reward,Baseline,15.78971686746988
782,qX523123508pL71,7,Reward,Baseline,18.17136282194849
783,qX523123508pL71,8,Reward,Baseline,14.098638242894056
784,qX523123508pL71,9,Reward,Baseline,15.780623188405798
785,qX523123508pL71,10,Reward,Baseline,14.497924861878452
786,qX523123508pL71,11,Reward,Baseline,16.557082558139534
787,qX523123508pL71,12,Reward,Baseline,41.28158722358722
788,qX523123508pL71,13,Reward,Baseline,23.628785463071516
789,qX523123508pL71,14,Reward,Baseline,19.564769060773482
790,qX523123508pL71,15,Reward,Baseline,14.31290468986384
791,qX523123508pL71,16,Reward,Baseline,29.79073
792,qX523123508pL71,17,Reward,Baseline,23.965636865342162
793,qX523123508pL71,18,Reward,Baseline,24.93799553072626
794,qX523123508pL71,19,Reward,Baseline,20.59916931818182
795,qX523123508pL71,20,Reward,Adaptation,18.327607954545456
796,qX523123508pL71,21,Reward,Adaptation,22.666752486187846
797,qX523123508pL71,22,Reward,Adaptation,24.029473554735546
798,qX523123508pL71,23,Reward,Adaptation,21.7306714922049
799,qX523123508pL71,24,Reward,Adaptation,26.442817880794703
800,qX523123508pL71,25,Reward,Adaptation,22.635850340136056
801,qX523123508pL71,26,Reward,Adaptation,17.24680111111111
802,qX523123508pL71,27,Reward,Adaptation,23.571851351351356
803,qX523123508pL71,28,Reward,Adaptation,26.35082229580574
804,qX523123508pL71,29,Reward,Adaptation,20.533915824915823
805,qX523123508pL71,30,Reward,Adaptation,20.221049999999998
806,qX523123508pL71,31,Reward,Adaptation,15.829316022099448
807,qX523123508pL71,32,Reward,Adaptation,13.80755164319249
808,qX523123508pL71,33,Reward,Adaptation,18.37834231200898
809,qX523123508pL71,34,Reward,Adaptation,21.812220985691575
810,qX523123508pL71,35,Reward,Adaptation,15.918066897347174
811,qX523123508pL71,36,Reward,Adaptation,20.10739236111111
812,qX523123508pL71,37,Reward,Adaptation,19.378946172248806
813,qX523123508pL71,38,Reward,Adaptation,22.860247641509435
814,qX523123508pL71,39,Reward,Adaptation,20.485369696969695
815,qX523123508pL71,40,Reward,Adaptation,27.572983425414364
816,qX523123508pL71,41,Reward,Washout,15.80637925925926
817,qX523123508pL71,42,Reward,Washout,23.374107502799554
818,qX523123508pL71,43,Reward,Washout,12.668180693069306
819,qX523123508pL71,44,Reward,Washout,16.62407958477509
820,qX523123508pL71,45,Reward,Washout,14.403898169336385
821,qX523123508pL71,46,Reward,Washout,14.4835375
822,qX523123508pL71,47,Reward,Washout,24.566728176795582
823,qX523123508pL71,48,Reward,Washout,8.505932692307693
824,qX523123508pL71,49,Reward,Washout,19.490187845303865
825,qX523123508pL71,50,Reward,Washout,11.049367323290845
826,qX523123508pL71,51,Reward,Washout,14.606510101010103
827,qX523123508pL71,52,Reward,Washout,14.259229834254143
828,rN464901337br235,0,Reward,Baseline,18.807567328918324
829,rN464901337br235,1,Reward,Baseline,19.703288397790054
830,rN464901337br235,2,Reward,Baseline,16.829584530386743
831,rN464901337br235,3,Reward,Baseline,17.43254364640884
832,rN464901337br235,4,Reward,Baseline,11.002791160220994
833,rN464901337br235,5,Reward,Baseline,12.569462983425415
834,rN464901337br235,6,Reward,Baseline,16.522903867403315
835,rN464901337br235,7,Reward,Baseline,11.264076243093925
836,rN464901337br235,8,Reward,Baseline,14.672208839779005
837,rN464901337br235,9,Reward,Baseline,11.328739226519337
838,rN464901337br235,10,Reward,Baseline,15.670827624309393
839,rN464901337br235,11,Reward,Baseline,14.345616574585637
840,rN464901337br235,12,Reward,Baseline,36.02383977900553
841,rN464901337br235,13,Reward,Baseline,22.70444861878453
842,rN464901337br235,14,Reward,Baseline,22.338553591160224
843,rN464901337br235,15,Reward,Baseline,29.225761589403973
844,rN464901337br235,16,Reward,Baseline,25.36628950276243
845,rN464901337br235,17,Reward,Baseline,25.632624309392266
846,rN464901337br235,18,Reward,Baseline,35.505376795580105
847,rN464901337br235,19,Reward,Baseline,26.062734806629837
848,rN464901337br235,20,Reward,Adaptation,16.935309392265193
849,rN464901337br235,21,Reward,Adaptation,21.597072928176797
850,rN464901337br235,22,Reward,Adaptation,16.13192375690608
851,rN464901337br235,23,Reward,Adaptation,23.53267403314917
852,rN464901337br235,24,Reward,Adaptation,13.74512913907285
853,rN464901337br235,25,Reward,Adaptation,16.751124861878452
854,rN464901337br235,26,Reward,Adaptation,26.06877152317881
855,rN464901337br235,27,Reward,Adaptation,22.745779249448123
856,rN464901337br235,28,Reward,Adaptation,13.77023867403315
857,rN464901337br235,29,Reward,Adaptation,15.993652317880795
858,rN464901337br235,30,Reward,Adaptation,14.447026490066225
859,rN464901337br235,31,Reward,Adaptation,20.344188950276244
860,rN464901337br235,32,Reward,Adaptation,22.224563535911603
861,rN464901337br235,33,Reward,Adaptation,18.289950276243093
862,rN464901337br235,34,Reward,Adaptation,30.04281657458564
863,rN464901337br235,35,Reward,Adaptation,13.023758011049724
864,rN464901337br235,36,Reward,Adaptation,16.79199116022099
865,rN464901337br235,37,Reward,Adaptation,23.09063093922652
866,rN464901337br235,38,Reward,Adaptation,19.011365745856352
867,rN464901337br235,39,Reward,Adaptation,25.770293922651934
868,rN464901337br235,40,Reward,Adaptation,16.30143867403315
869,rN464901337br235,41,Reward,Washout,23.701006629834254
870,rN464901337br235,42,Reward,Washout,16.42381104972376
871,rN464901337br235,43,Reward,Washout,26.53074806629834
872,rN464901337br235,44,Reward,Washout,15.78865193370166
873,rN464901337br235,45,Reward,Washout,13.311739514348785
874,rN464901337br235,46,Reward,Washout,12.512928176795581
875,rN464901337br235,47,Reward,Washout,11.231226269315673
876,rN464901337br235,48,Reward,Washout,11.528379157427938
877,rN464901337br235,49,Reward,Washout,14.196129281767956
878,rN464901337br235,50,Reward,Washout,13.098846408839778
879,rN464901337br235,51,Reward,Washout,12.681791160220996
880,rN464901337br235,52,Reward,Washout,11.66000994475138
881,rN464901337br235,53,Reward,Washout,15.473755801104971
882,sV262240837Wu893,0,Reward,Baseline,16.569512141280352
883,sV262240837Wu893,1,Reward,Baseline,15.137854614412138
884,sV262240837Wu893,2,Reward,Baseline,15.597058139534884
885,sV262240837Wu893,3,Reward,Baseline,21.537168724279837
886,sV262240837Wu893,4,Reward,Baseline,13.783928802588997
887,sV262240837Wu893,5,Reward,Baseline,17.006229166666667
888,sV262240837Wu893,6,Reward,Baseline,16.713369811320753
889,sV262240837Wu893,7,Reward,Baseline,15.24978756476684
890,sV262240837Wu893,8,Reward,Baseline,15.827806338028168
891,sV262240837Wu893,9,Reward,Baseline,9.497509057971014
892,sV262240837Wu893,10,Reward,Baseline,15.63064314516129
893,sV262240837Wu893,11,Reward,Baseline,12.520405629139074
894,uL709664845pY57,0,Reward,Baseline,28.585977924944814
895,uL709664845pY57,1,Reward,Baseline,31.43661546961326
896,uL709664845pY57,2,Reward,Baseline,27.643503867403314
897,uL709664845pY57,4,Reward,Baseline,35.8936044198895
898,vn265606624Yv403,0,NoReward,Baseline,22.43436493936053
899,vn265606624Yv403,1,NoReward,Baseline,11.36796574585635
900,vn265606624Yv403,2,NoReward,Baseline,22.40030353200883
901,vn265606624Yv403,3,NoReward,Baseline,11.604896247240617
902,vn265606624Yv403,4,NoReward,Baseline,13.132121412803532
903,vn265606624Yv403,5,NoReward,Baseline,10.43637417218543
904,vn265606624Yv403,6,NoReward,Baseline,13.870432044198893
905,wQ432254460Cm818,0,NoReward,Baseline,25.319837748344373
906,wQ432254460Cm818,1,NoReward,Baseline,16.675635761589405
907,wQ432254460Cm818,2,NoReward,Baseline,16.51365899864682
908,wQ432254460Cm818,4,NoReward,Baseline,14.845435151515153
909,wQ432254460Cm818,5,NoReward,Baseline,15.680952662721895
910,wQ432254460Cm818,6,NoReward,Baseline,13.652312499999997
911,wQ432254460Cm818,7,NoReward,Baseline,14.971348290598291
912,wQ432254460Cm818,8,NoReward,Baseline,14.51188888888889
913,wQ432254460Cm818,9,NoReward,Baseline,16.740351390922402
914,wQ432254460Cm818,10,NoReward,Baseline,14.918297237569062
915,wQ432254460Cm818,11,NoReward,Baseline,13.666233149171271
916,wQ432254460Cm818,12,NoReward,Baseline,30.838886473429955
917,wQ432254460Cm818,13,NoReward,Baseline,21.65191474654378
918,wQ432254460Cm818,14,NoReward,Baseline,18.857193675889327
919,wQ432254460Cm818,15,NoReward,Baseline,18.058602803738317
920,wQ432254460Cm818,16,NoReward,Baseline,17.518620553359682
921,wQ432254460Cm818,17,NoReward,Baseline,20.767638674033147
922,wQ432254460Cm818,18,NoReward,Baseline,20.479107182320448
923,wQ432254460Cm818,19,NoReward,Baseline,14.645017281105991
924,wQ432254460Cm818,20,NoReward,Adaptation,23.02586075949367
925,wQ432254460Cm818,21,NoReward,Adaptation,21.32288410596027
926,wQ432254460Cm818,22,NoReward,Adaptation,20.018979005524862
927,wQ432254460Cm818,23,NoReward,Adaptation,19.98868090452261
928,wQ432254460Cm818,24,NoReward,Adaptation,19.96627513812155
929,wQ432254460Cm818,25,NoReward,Adaptation,18.06650497237569
930,wQ432254460Cm818,26,NoReward,Adaptation,20.11246961325967
931,wQ432254460Cm818,27,NoReward,Adaptation,23.02921632653061
932,wQ432254460Cm818,28,NoReward,Adaptation,16.36688648648649
933,wQ432254460Cm818,29,NoReward,Adaptation,24.663404419889503
934,wQ432254460Cm818,30,NoReward,Adaptation,17.18455970149254
935,wQ432254460Cm818,31,NoReward,Adaptation,14.690860000000008
936,wQ432254460Cm818,32,NoReward,Adaptation,21.156883977900556
937,wQ432254460Cm818,33,NoReward,Adaptation,19.93300994475138
938,wQ432254460Cm818,34,NoReward,Adaptation,16.806619946091644
939,wQ432254460Cm818,35,NoReward,Adaptation,26.22059999999999
940,wQ432254460Cm818,36,NoReward,Adaptation,20.275683426443205
941,wQ432254460Cm818,37,NoReward,Adaptation,17.580025925925927
942,wQ432254460Cm818,38,NoReward,Adaptation,17.972983606557378
943,wQ432254460Cm818,39,NoReward,Adaptation,12.005867647058823
944,wQ432254460Cm818,40,NoReward,Adaptation,17.51130165745856
945,wQ432254460Cm818,41,NoReward,Washout,17.937251933701656
946,wQ432254460Cm818,42,NoReward,Washout,16.585303526448364
947,wQ432254460Cm818,43,NoReward,Washout,12.245045303867403
948,wQ432254460Cm818,44,NoReward,Washout,12.61238453038674
949,wQ432254460Cm818,45,NoReward,Washout,12.905726562500002
950,wQ432254460Cm818,46,NoReward,Washout,11.066129281767958
951,wQ432254460Cm818,47,NoReward,Washout,12.253899305555555
952,wQ432254460Cm818,48,NoReward,Washout,14.676574898785427
953,wQ432254460Cm818,49,NoReward,Washout,10.523595505617976
954,wQ432254460Cm818,50,NoReward,Washout,14.922985645933014
955,wQ432254460Cm818,51,NoReward,Washout,8.87485507246377
956,wQ432254460Cm818,52,NoReward,Washout,12.743618784530387
